tsa,taxId,species,familyId,familyName,orderId,orderName,bioproject,biosample,sequence_read_archive
GFVY00000000.1,325643,Clitarchus hookeri,55199,Phasmatidae,7020,Phasmatodea,PRJNA395945,"SAMN07175291,SAMN07175292,SAMN07175303,SAMN07175304,SAMN07175305,SAMN07175306","SRR5889591,SRR5889594,SRR5889595,SRR5889596,SRR5889597,SRR5889598"
GEXY00000000.1,263994,Megaloprepus caerulatus,126178,Pseudostigmatidae,6961,Odonata,PRJNA336267,SAMN05507136,SRR3997526
IABS00000000.1,1202028,Crematogaster osakensis,36668,Formicidae,7399,Hymenoptera,PRJDB5484,"SAMD00073655,SAMD00073656,SAMD00073657,SAMD00073658,SAMD00073659,SAMD00073660,SAMD00073661,SAMD00073662,SAMD00073663,SAMD00073664,SAMD00073665,SAMD00073666,SAMD00073667,SAMD00073668,SAMD00073669,SAMD00073670,SAMD00073671,SAMD00073672,SAMD00073673,SAMD00073674,SAMD00073675,SAMD00073676,SAMD00073677","DRR086535,DRR086536,DRR086537,DRR086538,DRR086539,DRR086540,DRR086541,DRR086542,DRR086543,DRR086544,DRR086545,DRR086546,DRR086547,DRR086548,DRR086549,DRR086550,DRR086551,DRR086552,DRR086553,DRR086554,DRR086555,DRR086556,DRR086557"
GFUZ00000000.1,107775,Amphizoa insolens,107773,Amphizoidae,7041,Coleoptera,PRJNA398088,SAMN07501457,SRR5930489
GETN00000000.1,72366,Scirpophaga incertulas,268499,Crambidae,7088,Lepidoptera,PRJNA258113,SAMN03085482,"SRR1613323,SRR1615982,SRR1615983"
GFLW00000000.1,37627,Aphidius ervi,7402,Braconidae,7399,Hymenoptera,PRJNA377544,"SAMN06639958,SAMN06639959,SAMN06639960,SAMN06639961,SAMN06639962,SAMN06639963","SRR5381909,SRR5381910,SRR5381911,SRR5381912,SRR5381913,SRR5381914"
GEZB00000000.1,7004,Locusta migratoria,7002,Acrididae,6993,Orthoptera,PRJNA327660,SAMN05355305,SRR4041955
GFTR00000000.1,156445,Panstrongylus lignarius,27479,Reduviidae,7524,Hemiptera,PRJNA395235,"SAMN07374128,SAMN07374129","SRR5859113,SRR5859114"
GFUB00000000.1,29025,Podisus maculiventris,160513,Pentatomidae,7524,Hemiptera,PRJNA237979,"SAMN07370514,SAMN07370515,SAMN07370516,SAMN07370517,SAMN07370518,SAMN07370519,SAMN07370520,SAMN07370521,SAMN07370522,SAMN07370523,SAMN07370524,SAMN07370525,SAMN07370526,SAMN07370527,SAMN07370528,SAMN07370529,SAMN07370530,SAMN07370531,SAMN07370532,SAMN07370533,SAMN07370534,SAMN07370535,SAMN07370536,SAMN07370537,SAMN07370538,SAMN07370539,SAMN07370540,SAMN07370541,SAMN07370542,SAMN07370543,SAMN07370544","SRR5858008,SRR5858009,SRR5858010,SRR5858011,SRR5858012,SRR5858013,SRR5858014,SRR5858015,SRR5858016,SRR5858017,SRR5858018,SRR5858019,SRR5858020,SRR5858021,SRR5858022,SRR5858023,SRR5858024,SRR5858025,SRR5858026,SRR5858027,SRR5858028,SRR5858029,SRR5858030,SRR5858031,SRR5858032,SRR5858033,SRR5858034,SRR5858035,SRR5858036,SRR5858037,SRR5858038"
GFSE00000000.1,420844,Gampsocleis gratiosa,62784,Tettigoniidae,6993,Orthoptera,PRJNA352290,SAMN05969178,SRR5039446
IABT00000000.1,34676,Protophormia terraenovae,7371,Calliphoridae,7147,Diptera,PRJDB5547,"SAMD00075133,SAMD00075134,SAMD00075135,SAMD00075136","DRR087977,DRR087978,DRR087979,DRR087980"
GFPI00000000.1,447619,Epilachna varivestis,7080,Coccinellidae,7041,Coleoptera,PRJNA352408,SAMN05979213,SRR4934939
GFQL00000000.1,252295,Carposina sasakii,252293,Carposinidae,7088,Lepidoptera,PRJNA383289,SAMN06761092,"SRR5431770,SRR5431771"
GFOX00000000.1,37000,Pyrrhocoris apterus,36998,Pyrrhocoridae,7524,Hemiptera,PRJNA389968,SAMN07211674,"SRR5667111,SRR5667112,SRR5667113"
GFOP00000000.1,166420,Lepidotrigona ventralis,7458,Apidae,7399,Hymenoptera,PRJNA388008,"SAMN07166497,SAMN07166570","SRR5601830,SRR5601896"
GFOR00000000.1,174628,Bactrocera latifrons,7211,Tephritidae,7147,Diptera,PRJNA385731,SAMN03566187,SRR1993646
GFOU00000000.1,47774,Zeugodacus cucumis,7211,Tephritidae,7147,Diptera,PRJNA385731,SAMN06909151,SRR5518359
GETS00000000.1,229990,Locusta migratoria manilensis,7002,Acrididae,6993,Orthoptera,PRJNA316758,"SAMN04590002,SAMN04592455","SRR3314790,SRR3314877,SRR3314878,SRR3314884,SRR3315005,SRR3315152,SRR3315153,SRR3315154,SRR3315155,SRR3315156,SRR3315157,SRR3315158,SRR3315159,SRR3315160,SRR3315161,SRR3315171,SRR3318160,SRR3318162,SRR3318164,SRR3318166,SRR3318167,SRR3318168,SRR3318254,SRR3318255,SRR3318257,SRR3318261,SRR3318262,SRR3318263,SRR3318264,SRR3318265,SRR3318266,SRR3318268,SRR3318269,SRR3318271,SRR3318305,SRR3318306"
IACE00000000.1,655490,Diacamma sp. Okinawa-2006a,36668,Formicidae,7399,Hymenoptera,PRJDB3153,SAMD00020954,"DRR024699,DRR024700,DRR024701,DRR024702,DRR024703,DRR024704,DRR024705,DRR024706,DRR024707,DRR024708,DRR024709,DRR024710,DRR024711,DRR024712,DRR024713,DRR024714,DRR024715,DRR024716,DRR024717,DRR024718,DRR024719,DRR024720,DRR024721,DRR024722,DRR024723,DRR024724,DRR024725,DRR024726,DRR024727,DRR024728"
GFMO00000000.1,64459,Pieris rapae,7114,Pieridae,7088,Lepidoptera,PRJNA382538,SAMN06709006,"SRR5438361,SRR5438362,SRR5438363,SRR5438364,SRR5438365,SRR5438366,SRR5438367"
GEZM00000000.1,7054,Photinus pyralis,7049,Lampyridae,7041,Coleoptera,PRJNA328865,"SAMN05382877,SAMN05382878,SAMN05382879,SAMN05382880,SAMN05382881,SAMN05382882,SAMN05382883,SAMN05382884,SAMN05382885,SAMN05382886,SAMN05382887,SAMN05382888,SAMN05382889,SAMN05382890,SAMN05382891,SAMN05382892,SAMN05382893,SAMN05382894","SRR3883756,SRR3883757,SRR3883758,SRR3883759,SRR3883760,SRR3883761,SRR3883762,SRR3883763,SRR3883764,SRR3883765,SRR3883766,SRR3883767,SRR3883768,SRR3883769,SRR3883770,SRR3883771,SRR3883772,SRR3883773"
GFOA00000000.1,1158211,Bactrocera bryoniae,7211,Tephritidae,7147,Diptera,PRJNA385731,SAMN06909135,SRR5518354
GFNZ00000000.1,98807,Bactrocera musae,7211,Tephritidae,7147,Diptera,PRJNA385731,SAMN06909147,SRR5518355
GFNX00000000.1,69615,Bactrocera frauenfeldi,7211,Tephritidae,7147,Diptera,PRJNA385731,SAMN06909149,SRR5518357
GFNT00000000.1,1051279,Bactrocera kraussi,7211,Tephritidae,7147,Diptera,PRJNA385731,SAMN06909150,SRR5518358
GFNY00000000.1,87116,Bactrocera jarvisi,7211,Tephritidae,7147,Diptera,PRJNA385731,SAMN06909148,SRR5518356
GFNO00000000.1,67767,Lasius niger,36668,Formicidae,7399,Hymenoptera,PRJNA386243,"SAMN04447928,SAMN04447934,SAMN04447940,SAMN04447946,SAMN04447948,SAMN04447954,SAMN04447960,SAMN04447964","SRR3136515,SRR3136808,SRR3137614,SRR3138111,SRR3138155,SRR3138161,SRR3138461,SRR3138503,SRR3138959,SRR3139007,SRR3139047,SRR3139051,SRR3141013,SRR3141041,SRR3141074,SRR3141107,SRR3141266,SRR3141283,SRR3141292,SRR3141499"
GFNI00000000.1,1667272,Cricotopus draysoni,7149,Chironomidae,7147,Diptera,PRJNA350713,"SAMN05948813,SAMN05948814,SAMN05948815,SAMN05948816,SAMN05948817,SAMN05948818,SAMN05948819,SAMN05948820,SAMN05948821,SAMN05948822,SAMN05948825,SAMN05948826,SAMN05948827,SAMN05948828,SAMN05948829,SAMN05948830,SAMN05948831,SAMN05948832,SAMN05948833,SAMN05948834,SAMN05948837","SRR4457915,SRR4457916,SRR4457917,SRR4457920,SRR4457921,SRR4457922,SRR4457923,SRR4457924,SRR4457925,SRR4457926,SRR4457927,SRR4457928,SRR4457929,SRR4457930,SRR4457931,SRR4457932,SRR4457933,SRR4457936,SRR4457937,SRR4457938,SRR4457939"
GFNF00000000.1,1667277,Cricotopus parbicinctus,7149,Chironomidae,7147,Diptera,PRJNA350713,"SAMN05948824,SAMN05948836","SRR4457918,SRR4457935"
GFNG00000000.1,1404319,Cricotopus albitarsis,7149,Chironomidae,7147,Diptera,PRJNA350713,"SAMN05948823,SAMN05948835","SRR4457919,SRR4457934"
GFMJ00000000.1,72491,Triatoma dimidiata,27479,Reduviidae,7524,Hemiptera,PRJNA304741,SAMN04317639,SRR2979863
GFMK00000000.1,30077,Meccus pallidipennis,27479,Reduviidae,7524,Hemiptera,PRJNA304741,SAMN04317640,SRR2979864
GFMC00000000.1,30076,Triatoma infestans,27479,Reduviidae,7524,Hemiptera,PRJNA304741,SAMN04317638,SRR2979860
GFNA00000000.1,7159,Aedes aegypti,7157,Culicidae,7147,Diptera,PRJNA236239,"SAMN02628822,SAMN02628823,SAMN02628824,SAMN02628825,SAMN02628826,SAMN02628827,SAMN02628828,SAMN02628829,SAMN02628830,SAMN02628831,SAMN02628832,SAMN02628833,SAMN02628834,SAMN02628835,SAMN02628836,SAMN02628837,SAMN02628838,SAMN02628839,SAMN02628840,SAMN02628841,SAMN02628842,SAMN02628843,SAMN02628844,SAMN02628845,SAMN02628846,SAMN02628847,SAMN02628848,SAMN02628849,SAMN02628850,SAMN02628851,SAMN02628852,SAMN02628853,SAMN02628854,SAMN02628855,SAMN02628856,SAMN02628857,SAMN02628858,SAMN02628859,SAMN02628860,SAMN02628861,SAMN02628862,SAMN02628863,SAMN02628864,SAMN02628865,SAMN02628866,SAMN02628867,SAMN02628868,SAMN02628869,SAMN02628870,SAMN02628871,SAMN02628872,SAMN02628873,SAMN02628874,SAMN02628875,SAMN02628876,SAMN02628877,SAMN02628878,SAMN02628879,SAMN02628880,SAMN02628881,SAMN02628882,SAMN02628883,SAMN02628884,SAMN02628885,SAMN02628886,SAMN02628887,SAMN02628888,SAMN02628889,SAMN02628890,SAMN02628891,SAMN02628892,SAMN02628893,SAMN02628894,SAMN02628895,SAMN02628896,SAMN02628897,SAMN02628898,SAMN02628899,SAMN02628900,SAMN02628901,SAMN02628902,SAMN02628903,SAMN02628904,SAMN02628905,SAMN02628906,SAMN02628907,SAMN02628908,SAMN02628909,SAMN02628910,SAMN02628911,SAMN02628912,SAMN02628913,SAMN02628914,SAMN02628915,SAMN02628916,SAMN02628917,SAMN02628918,SAMN02628919,SAMN02628920,SAMN02628921,SAMN02628922,SAMN02628923,SAMN02628924,SAMN02628925,SAMN02628926,SAMN02628927,SAMN02628928,SAMN02628929,SAMN02628930,SAMN02628931,SAMN02628932,SAMN02628933,SAMN02628934,SAMN02628935,SAMN02628936,SAMN02628937,SAMN02628938,SAMN02628939,SAMN02628940,SAMN02628941,SAMN02628942,SAMN02628943,SAMN02628944,SAMN02628945,SAMN02628946","SRR1166458,SRR1166459,SRR1166460,SRR1166461,SRR1166462,SRR1166463,SRR1166464,SRR1166465,SRR1166466,SRR1166467,SRR1166468,SRR1166469,SRR1166470,SRR1166471,SRR1166472,SRR1166473,SRR1166474,SRR1166475,SRR1166476,SRR1166477,SRR1166478,SRR1166479,SRR1166480,SRR1166481,SRR1166482,SRR1166483,SRR1166484,SRR1166485,SRR1166486,SRR1166487,SRR1166488,SRR1166489,SRR1166490,SRR1166491,SRR1166492,SRR1166493,SRR1166494,SRR1166495,SRR1166496,SRR1166497,SRR1166498,SRR1166499,SRR1166500,SRR1166501,SRR1167466,SRR1167467,SRR1167468,SRR1167469,SRR1167470,SRR1167471,SRR1167472,SRR1167473,SRR1167474,SRR1167475,SRR1167476,SRR1167477,SRR1167478,SRR1167479,SRR1167480,SRR1167481,SRR1167482,SRR1167483,SRR1167484,SRR1167485,SRR1167486,SRR1167487,SRR1167488,SRR1167489,SRR1167490,SRR1167491,SRR1167492,SRR1167493,SRR1167494,SRR1167495,SRR1167496,SRR1167497,SRR1167498,SRR1167499,SRR1167500,SRR1167501,SRR1167502,SRR1167503,SRR1167504,SRR1167505,SRR1167506,SRR1167507,SRR1167508,SRR1167509,SRR1167510,SRR1167511,SRR1167512,SRR1167513,SRR1167514,SRR1167515,SRR1167516,SRR1167517,SRR1167518,SRR1167519,SRR1167520,SRR1167521,SRR1167522,SRR1167523,SRR1167524,SRR1167525,SRR1167526,SRR1167527,SRR1167528,SRR1167529,SRR1167530,SRR1167531,SRR1167532,SRR1167533,SRR1167534,SRR1167535,SRR1167536,SRR1167537,SRR1167538,SRR1167539,SRR1167540,SRR1167541,SRR1167542,SRR1167543,SRR1167544,SRR1167545,SRR1167546,SRR1167547,SRR1167548,SRR1167549,SRR1167550,SRR1167551,SRR1167552,SRR1167553,SRR1167554,SRR1167555,SRR1167556,SRR1167557,SRR1167558,SRR1167559,SRR1167560,SRR1167561,SRR1167562,SRR1167563,SRR1167564,SRR1167565,SRR1167566,SRR1167567,SRR1167568"
GELV00000000.1,1826297,Micropterna lateralis,50645,Limnephilidae,30263,Trichoptera,PRJNA317524,SAMN04620693,SRR3360154
GFME00000000.1,1735703,Megaphragma amalphitanum,7489,Trichogrammatidae,7399,Hymenoptera,PRJNA344956,SAMN05853688,SRR5083810
GEHC00000000.1,7160,Aedes albopictus,7157,Culicidae,7147,Diptera,PRJNA314492,"SAMN04535804,SAMN04535805,SAMN04535806,SAMN04535807","SRR3208251,SRR3208288,SRR3208295,SRR3208407,SRR3208442,SRR3208449,SRR3208451,SRR3208478"
GFCP00000000.1,860918,Ampulex compressa,330841,Ampulicidae,7399,Hymenoptera,PRJNA356979,SAMN06130557,SRR5097478
GFCQ00000000.1,6978,Periplaneta americana,6974,Blattidae,85823,Blattodea,PRJNA356979,SAMN06130820,"SRR5097509,SRR5097510,SRR5097511,SRR5097512,SRR5097513,SRR5097514,SRR5097515,SRR5097516"
GCPB00000000.1,84505,Megastigmus spermotrophus,64154,Torymidae,7399,Hymenoptera,PRJNA274192,"SAMN03349349,SAMN03349350,SAMN03349351,SAMN03349352","SRR1805073,SRR1805097,SRR1805105,SRR1805115"
GENK00000000.1,271217,Mythimna separata,7100,Noctuidae,7088,Lepidoptera,PRJNA320807,SAMN04965117,SRR3497450
GEGV00000000.1,51655,Plutella xylostella,51653,Plutellidae,7088,Lepidoptera,PRJNA313471,SAMN04523666,SRR3197712
GERG00000000.1,1737349,Ptyssoptera sp. AB-2015,98973,Palaephatidae,7088,Lepidoptera,PRJNA298054,SAMN04155520,SRR3180621
GDJO00000000.1,32391,Cotesia glomerata,7402,Braconidae,7399,Hymenoptera,PRJNA289655,SAMN03856543,"SRR2105773,SRR2105774,SRR2105775,SRR2105776,SRR2105777,SRR2105778,SRR2105779,SRR2105780,SRR2105781,SRR2105782,SRR2105783,SRR2105784,SRR2105785,SRR2105786,SRR2105787,SRR2105788,SRR2105789,SRR2105790,SRR2105791,SRR2105792,SRR2105793,SRR2105794,SRR2105795,SRR2105796,SRR2105797,SRR2105798,SRR2105799,SRR2105800,SRR2105801,SRR2105802"
GBOS00000000.1,161191,Dendrocerus carpenteri,44361,Megaspilidae,7399,Hymenoptera,PRJNA252710,SAMN02870277,SRR1502972
GBXA00000000.1,212606,Parnopes grandior,27511,Chrysididae,7399,Hymenoptera,PRJNA252317,SAMN02870367,SRR1503120
GBWZ00000000.1,1308328,Pergagrapta polita,32409,Pergidae,7399,Hymenoptera,PRJNA252274,SAMN02870372,SRR1503077
GBWS00000000.1,1507102,Aulacus burquei,315838,Aulacidae,7399,Hymenoptera,PRJNA252132,SAMN02870218,SRR1502936
GBWR00000000.1,743375,Polistes dominula,7438,Vespidae,7399,Hymenoptera,PRJNA252304,SAMN02870382,SRR1503107
GBWQ00000000.1,1507351,Monosapyga clavicornis,237714,Sapygidae,7399,Hymenoptera,PRJNA252301,SAMN02870344,SRR1503104
GBWV00000000.1,549116,Stelis punctulatissima,124286,Megachilidae,7399,Hymenoptera,PRJNA252295,SAMN02870408,SRR1503098
GBWP00000000.1,1507150,Nomia diversipes,77572,Halictidae,7399,Hymenoptera,PRJNA252293,SAMN02870349,SRR1503096
GBWN00000000.1,330862,Tiphia femorata,92421,Tiphiidae,7399,Hymenoptera,PRJNA252281,SAMN02870429,SRR1503084
GBWM00000000.1,759920,Diaeretus essigellae,7402,Braconidae,7399,Hymenoptera,PRJNA252278,SAMN02870278,SRR1503081
GBWU00000000.1,244401,Pediaspis aceris,73401,Cynipidae,7399,Hymenoptera,PRJNA252312,SAMN02870369,SRR1503115
GBWJ00000000.1,871386,Xiphydria camelus,36760,Xiphydriidae,7399,Hymenoptera,PRJNA252309,SAMN02870440,SRR1503112
GBWF00000000.1,178073,Systropha curvicornis,77572,Halictidae,7399,Hymenoptera,PRJNA252259,SAMN02870418,SRR1503063
GBWE00000000.1,509842,Pompilus cinereus,27515,Pompilidae,7399,Hymenoptera,PRJNA252245,SAMN02870383,SRR1503049
GBVU00000000.1,44352,Pelecinus polyturator,44342,Pelecinidae,7399,Hymenoptera,PRJNA252202,SAMN02870370,SRR1503006
GBVT00000000.1,1507352,Netelia testacea,7408,Ichneumonidae,7399,Hymenoptera,PRJNA252199,SAMN02870346,SRR1503003
GBWC00000000.1,1217928,Ichneumon albiger,7408,Ichneumonidae,7399,Hymenoptera,PRJNA252186,SAMN02870319,SRR1502991
GBWA00000000.1,331713,Synergus umbraculus,73401,Cynipidae,7399,Hymenoptera,PRJNA252181,SAMN02870416,SRR1502986
GBVP00000000.1,1506901,Nomioides sp. AD-2014,77572,Halictidae,7399,Hymenoptera,PRJNA252170,SAMN02870350,SRR1502975
GBVO00000000.1,1507101,Ampulex fasciata,330841,Ampulicidae,7399,Hymenoptera,PRJNA252168,SAMN02870207,SRR1502973
GBVM00000000.1,1507140,Ibalia leucospoides ensiger,32406,Ibaliidae,7399,Hymenoptera,PRJNA252355,SAMN02870318,SRR1503158
GBVL00000000.1,1507157,Passaloecus eremita,253718,Crabronidae,7399,Hymenoptera,PRJNA252213,SAMN02870368,SRR1503017
GBVK00000000.1,465489,Melitta haemorrhoidalis,156323,Melittidae,7399,Hymenoptera,PRJNA252208,SAMN02870337,SRR1503012
GBVJ00000000.1,599570,Tetraloniella nigriceps,7458,Apidae,7399,Hymenoptera,PRJNA252116,SAMN02870425,SRR1502920
GBVI00000000.1,1001278,Cephus spinipes,27524,Cephidae,7399,Hymenoptera,PRJNA252244,SAMN02870232,SRR1503048
GBVH00000000.1,1247479,Xyela alpigena,48206,Xyelidae,7399,Hymenoptera,PRJNA252242,SAMN02870441,SRR1503046
GBVG00000000.1,1115612,Gasteruption tournieri,32401,Gasteruptiidae,7399,Hymenoptera,PRJNA252337,SAMN02870301,SRR1503140
GBVF00000000.1,1141352,Blasticotoma filiceti,85774,Blasticotomidae,7399,Hymenoptera,PRJNA252334,SAMN02870221,SRR1503137
GBVE00000000.1,78482,Aphidius colemani,7402,Braconidae,7399,Hymenoptera,PRJNA252352,SAMN02870214,SRR1503155
GBVD00000000.1,1506737,Ceraphron sp. AD-2014,44358,Ceraphronidae,7399,Hymenoptera,PRJNA252127,SAMN02870233,SRR1502931
GBVB00000000.1,1506736,Inostemma sp. AD-2014,81078,Platygastridae,7399,Hymenoptera,PRJNA252125,SAMN02870320,SRR1502929
GBUY00000000.1,422171,Aleiodes testaceus,7402,Braconidae,7399,Hymenoptera,PRJNA252222,SAMN02870202,SRR1503026
GBUQ00000000.1,1507179,Trichopria drosophilae,44343,Diapriidae,7399,Hymenoptera,PRJNA252238,SAMN02870433,SRR1503042
GBUP00000000.1,935254,Trissolcus semistriatus,32417,Scelionidae,7399,Hymenoptera,PRJNA252237,SAMN02870435,SRR1503041
GBUO00000000.1,52634,Diprion pini,52632,Diprionidae,7399,Hymenoptera,PRJNA252226,SAMN02870283,SRR1503030
GBUN00000000.1,1507125,Cleptes nitidulus,27511,Chrysididae,7399,Hymenoptera,PRJNA252328,SAMN02870265,SRR1503131
GBUM00000000.1,135666,Xylocopa violacea,7458,Apidae,7399,Hymenoptera,PRJNA252333,SAMN02870442,SRR1503136
GBUK00000000.1,185587,Osmia cornuta,124286,Megachilidae,7399,Hymenoptera,PRJNA252331,SAMN02870360,SRR1503134
GBUJ00000000.1,420711,Colletes cunicularius,156309,Colletidae,7399,Hymenoptera,PRJNA252324,SAMN02870267,SRR1503127
GBQM00000000.1,330854,Colpa sexmaculata,7435,Scoliidae,7399,Hymenoptera,PRJNA252303,SAMN02870268,SRR1503106
GBQP00000000.1,115107,Halictus quadricinctus,77572,Halictidae,7399,Hymenoptera,PRJNA252292,SAMN02870307,SRR1503095
GBQL00000000.1,1507133,Episyron rufipes,27515,Pompilidae,7399,Hymenoptera,PRJNA252283,SAMN02870292,SRR1503086
GBQN00000000.1,481575,Megachile willughbiella,124286,Megachilidae,7399,Hymenoptera,PRJNA252282,SAMN02870335,SRR1503085
GBQK00000000.1,549062,Heriades truncorum,124286,Megachilidae,7399,Hymenoptera,PRJNA252294,SAMN02870312,SRR1503097
GBQG00000000.1,222801,Megalodontes cephalotes,222799,Megalodontesidae,7399,Hymenoptera,PRJNA252287,SAMN02870336,SRR1503090
GBQF00000000.1,30200,Bombus rupestris,7458,Apidae,7399,Hymenoptera,PRJNA252285,SAMN02870222,SRR1503088
GBQE00000000.1,1301242,Cephalonomia tarsalis,27508,Bethylidae,7399,Hymenoptera,PRJNA252280,SAMN02870230,SRR1503083
GBQJ00000000.1,330855,Scolia hirta,7435,Scoliidae,7399,Hymenoptera,PRJNA252276,SAMN02870397,SRR1503079
GBQA00000000.1,338023,Torymus bedeguaris,64154,Torymidae,7399,Hymenoptera,PRJNA252313,SAMN02870430,SRR1503116
GBPZ00000000.1,1507126,Coelioxys conoidea,124286,Megachilidae,7399,Hymenoptera,PRJNA252269,SAMN02870266,SRR1503072
GBPW00000000.1,601124,Epeolus variegatus,7458,Apidae,7399,Hymenoptera,PRJNA252262,SAMN02870291,SRR1503066
GBPN00000000.1,549056,Chelostoma florisomne,124286,Megachilidae,7399,Hymenoptera,PRJNA252249,SAMN02870237,SRR1503053
GBPE00000000.1,260305,Hyposoter didymator,7408,Ichneumonidae,7399,Hymenoptera,PRJNA252197,SAMN02870317,SRR1503001
GBOU00000000.1,1506740,Liris sp. AD-2014,253718,Crabronidae,7399,Hymenoptera,PRJNA252147,SAMN02870330,SRR1502951
GBOR00000000.1,495672,Syrphophilus tricinctorius,7408,Ichneumonidae,7399,Hymenoptera,PRJNA252166,SAMN02870417,SRR1502970
GBOQ00000000.1,50628,Dasymutilla gloriosa,50626,Mutillidae,7399,Hymenoptera,PRJNA252348,SAMN02870273,SRR1503151
GBNW00000000.1,1507164,Pseudoscolia sinaitica,253718,Crabronidae,7399,Hymenoptera,PRJNA252146,SAMN02870389,SRR1502950
GBOE00000000.1,1507110,Chlorion hirtum,7485,Sphecidae,7399,Hymenoptera,PRJNA252145,SAMN02870238,SRR1502949
GBOC00000000.1,1507155,Palarus histrio,253718,Crabronidae,7399,Hymenoptera,PRJNA252142,SAMN02870364,SRR1502946
GBNO00000000.1,1507129,Dolichurus corniculus,330841,Ampulicidae,7399,Hymenoptera,PRJNA252204,SAMN02870285,SRR1503008
GBOL00000000.1,1507124,Cimbex rubida,85775,Cimbicidae,7399,Hymenoptera,PRJNA252347,SAMN02870264,SRR1503150
GBNJ00000000.1,1507360,Pseudogonalos hahnii,27488,Trigonalidae,7399,Hymenoptera,PRJNA252341,SAMN02870387,SRR1503144
GBNT00000000.1,860918,Ampulex compressa,330841,Ampulicidae,7399,Hymenoptera,PRJNA252218,SAMN02870206,SRR1503022
GBTU00000000.1,266183,Orasema simulatrix,216140,Eucharitidae,7399,Hymenoptera,PRJNA252165,SAMN02870357,SRR1502969
GBTF00000000.1,58731,Dacnusa sibirica,7402,Braconidae,7399,Hymenoptera,PRJNA252198,SAMN02870272,SRR1503002
GBTY00000000.1,1507343,Dufourea dentiventris,77572,Halictidae,7399,Hymenoptera,PRJNA252203,SAMN02870287,SRR1503007
GBTZ00000000.1,1507149,Methocha articulata,92421,Tiphiidae,7399,Hymenoptera,PRJNA252277,SAMN02870341,SRR1503080
GBWX00000000.1,1507131,Elampus spina,27511,Chrysididae,7399,Hymenoptera,PRJNA252148,SAMN02870288,SRR1502952
GBWY00000000.1,1507361,Sapyga quinquepunctata,237714,Sapygidae,7399,Hymenoptera,PRJNA252302,SAMN02870394,SRR1503105
GBQV00000000.1,1506739,Tetraloniella sp. AD-2014,7458,Apidae,7399,Hymenoptera,PRJNA252136,SAMN02870426,SRR1502940
GBNP00000000.1,1507135,Euglossa dilemma,7458,Apidae,7399,Hymenoptera,PRJNA252310,SAMN02870296,SRR1503113
GBNY00000000.1,75158,Andricus quercuscalicis,73401,Cynipidae,7399,Hymenoptera,PRJNA252297,SAMN02870210,SRR1503100
GBQS00000000.1,7445,Vespa crabro,7438,Vespidae,7399,Hymenoptera,PRJNA252305,SAMN02870438,SRR1503108
GBQU00000000.1,1506738,Nitela sp. AD-2014,253718,Crabronidae,7399,Hymenoptera,PRJNA252134,SAMN02870347,SRR1502938
GBTM00000000.1,478167,Anthophora plumipes,7458,Apidae,7399,Hymenoptera,PRJNA252326,SAMN02870212,SRR1503129
GBTL00000000.1,148810,Tetragonula carbonaria,7458,Apidae,7399,Hymenoptera,PRJNA252240,SAMN02870423,SRR1503044
GBTP00000000.1,1385220,Aproceros leucopoda,85773,Argidae,7399,Hymenoptera,PRJNA252225,SAMN02870215,SRR1503029
GBTQ00000000.1,1507143,Lestica clypeata,253718,Crabronidae,7399,Hymenoptera,PRJNA252220,SAMN02870328,SRR1503024
GBTS00000000.1,1384944,Orussus unicolor,27528,Orussidae,7399,Hymenoptera,PRJNA252209,SAMN02870359,SRR1503013
GBPQ00000000.1,1507363,Sapygina decemguttata,237714,Sapygidae,7399,Hymenoptera,PRJNA252248,SAMN02870395,SRR1503052
GBPS00000000.1,1411673,Hylaeus variegatus,156309,Colletidae,7399,Hymenoptera,PRJNA252252,SAMN02870316,SRR1503056
GBPU00000000.1,1281814,Ceratina chalybea,7458,Apidae,7399,Hymenoptera,PRJNA252255,SAMN02870234,SRR1503059
GBOJ00000000.1,473950,Anthidium manicatum,124286,Megachilidae,7399,Hymenoptera,PRJNA252257,SAMN02870211,SRR1503061
GBPV00000000.1,1507103,Auplopus albifrons,27515,Pompilidae,7399,Hymenoptera,PRJNA252258,SAMN02870219,SRR1503062
GBOK00000000.1,1507148,Meria tripunctata,92421,Tiphiidae,7399,Hymenoptera,PRJNA252267,SAMN02870339,SRR1503070
GBNQ00000000.1,1507365,Smicromyrme rufipes,50626,Mutillidae,7399,Hymenoptera,PRJNA252275,SAMN02870399,SRR1503078
GBNX00000000.1,465486,Macropis fulvipes,156323,Melittidae,7399,Hymenoptera,PRJNA252296,SAMN02870333,SRR1503099
GBNZ00000000.1,1506934,Heterodontonyx sp. AD-2014,27515,Pompilidae,7399,Hymenoptera,PRJNA252300,SAMN02870313,SRR1503103
GBON00000000.1,1507130,Dryudella pinguis,253718,Crabronidae,7399,Hymenoptera,PRJNA252123,SAMN02870286,SRR1502927
GBNC00000000.1,1506743,Telenomus sp. AD-2014,32417,Scelionidae,7399,Hymenoptera,PRJNA252183,SAMN02870422,SRR1502988
GBPP00000000.1,1507128,Dioxys cincta,124286,Megachilidae,7399,Hymenoptera,PRJNA252246,SAMN02870282,SRR1503050
GBPT00000000.1,1040548,Lasioglossum xanthopus,77572,Halictidae,7399,Hymenoptera,PRJNA252253,SAMN02870325,SRR1503057
GBNG00000000.1,30212,Vespula germanica,7438,Vespidae,7399,Hymenoptera,PRJNA252254,SAMN02870439,SRR1503058
GBNI00000000.1,599493,Tetralonia malvae,7458,Apidae,7399,Hymenoptera,PRJNA252260,SAMN02870424,SRR1503064
GBPG00000000.1,481580,Eucera nigrescens,7458,Apidae,7399,Hymenoptera,PRJNA252141,SAMN02870293,SRR1502945
GBOH00000000.1,1507146,Masaris aegyptiacus aegyptiacus,7438,Vespidae,7399,Hymenoptera,PRJNA252149,SAMN02870334,SRR1502953
GBMY00000000.1,1506741,Netelia sp. AD-2014,7408,Ichneumonidae,7399,Hymenoptera,PRJNA252150,SAMN02870356,SRR1502954
GBPI00000000.1,1507180,Urocerus augur,36763,Siricidae,7399,Hymenoptera,PRJNA252157,SAMN02870437,SRR1502961
GBPJ00000000.1,494771,Heteropelma amictum,7408,Ichneumonidae,7399,Hymenoptera,PRJNA252184,SAMN02870314,SRR1502989
GBPM00000000.1,495388,Pimpla flavicoxis,7408,Ichneumonidae,7399,Hymenoptera,PRJNA252191,SAMN02870378,SRR1502995
GBND00000000.1,1419289,Buathra laborator,7408,Ichneumonidae,7399,Hymenoptera,PRJNA252196,SAMN02870227,SRR1503000
GBPO00000000.1,1507161,Pison atrum,253718,Crabronidae,7399,Hymenoptera,PRJNA252200,SAMN02870379,SRR1503004
GBOA00000000.1,1507170,Spilomena beata,253718,Crabronidae,7399,Hymenoptera,PRJNA252217,SAMN02870404,SRR1503021
GBMT00000000.1,1088610,Ammophila sabulosa,7485,Sphecidae,7399,Hymenoptera,PRJNA252224,SAMN02870205,SRR1503028
GBMS00000000.1,315848,Brachygaster minutus,27484,Evaniidae,7399,Hymenoptera,PRJNA252340,SAMN02870224,SRR1503143
GBMX00000000.1,600854,Ammobates syriacus,7458,Apidae,7399,Hymenoptera,PRJNA252137,SAMN02870204,SRR1502941
GBMU00000000.1,1115617,Stephanus serrator,32422,Stephanidae,7399,Hymenoptera,PRJNA252323,SAMN02870410,SRR1503126
GBOG00000000.1,36765,Sirex noctilio,36763,Siricidae,7399,Hymenoptera,PRJNA252354,SAMN02870398,SRR1503157
GBMW00000000.1,1507156,Parischnogaster nigricans,7438,Vespidae,7399,Hymenoptera,PRJNA252175,SAMN02870366,SRR1502980
GBOI00000000.1,1507107,Camptopoeum sacrum,48719,Andrenidae,7399,Hymenoptera,PRJNA252153,SAMN02870228,SRR1502957
GBPH00000000.1,1384767,Arge berberidis,85773,Argidae,7399,Hymenoptera,PRJNA252154,SAMN02870216,SRR1502958
GBNB00000000.1,1507175,Stizus continuus,253718,Crabronidae,7399,Hymenoptera,PRJNA252182,SAMN02870413,SRR1502987
GBLV00000000.1,1506746,Chyphotes sp. AD-2014,237715,Bradynobaenidae,7399,Hymenoptera,PRJNA252353,SAMN02870263,SRR1503156
GBLX00000000.1,1507178,Tremex magus,36763,Siricidae,7399,Hymenoptera,PRJNA252117,SAMN02870431,SRR1502921
GBME00000000.1,465464,Panurgus dentipes,48719,Andrenidae,7399,Hymenoptera,PRJNA252205,SAMN02870365,SRR1503009
GBMG00000000.1,1507136,Eumenes papillarius,7438,Vespidae,7399,Hymenoptera,PRJNA252215,SAMN02870297,SRR1503019
GBLY00000000.1,1507134,Eucera plumigera,7458,Apidae,7399,Hymenoptera,PRJNA252119,SAMN02870294,SRR1502923
GBLZ00000000.1,599168,Eucera syriaca,7458,Apidae,7399,Hymenoptera,PRJNA252121,SAMN02870295,SRR1502925
GBWD00000000.1,1507144,Macrocentrus marginator,7402,Braconidae,7399,Hymenoptera,PRJNA252187,SAMN02870332,SRR1502992
GBQB00000000.1,362087,Euura ribesii,27532,Tenthredinidae,7399,Hymenoptera,PRJNA252314,SAMN02870345,SRR1503117
GBLR00000000.1,600244,Thyreus orbatus,7458,Apidae,7399,Hymenoptera,PRJNA252319,SAMN02870428,SRR1503122
GBMJ00000000.1,549088,Lithurgus chrysurus,124286,Megachilidae,7399,Hymenoptera,PRJNA252207,SAMN02870331,SRR1503011
GBMP00000000.1,288372,Dasypoda hirtipes,156323,Melittidae,7399,Hymenoptera,PRJNA252212,SAMN02870274,SRR1503016
GBKM00000000.1,1384720,Acantholyda hieroglyphica,95274,Pamphiliidae,7399,Hymenoptera,PRJNA252315,SAMN02870200,SRR1503118
GCVB00000000.1,1585288,Brachyserphus parvulus,40310,Proctotrupidae,7399,Hymenoptera,PRJNA272309,SAMN03287654,SRR1811931
GBOY00000000.1,1507147,Mellinus arvensis,253718,Crabronidae,7399,Hymenoptera,PRJNA252206,SAMN02870338,SRR1503010
GCRH00000000.1,1585302,Plumarius gradifrons,509891,Plumariidae,7399,Hymenoptera,PRJNA272310,SAMN03287655,SRR1811932
GBLP00000000.1,108727,Diglyphus isaea,107755,Eulophidae,7399,Hymenoptera,PRJNA252350,SAMN02870279,SRR1503153
GBLN00000000.1,273962,Gonatocerus morrilli,162252,Mymaridae,7399,Hymenoptera,PRJNA252129,SAMN02870303,SRR1502933
GBLL00000000.1,161191,Dendrocerus carpenteri,44361,Megaspilidae,7399,Hymenoptera,PRJNA252162,SAMN02870276,SRR1502966
GBLE00000000.1,1507105,Brachymeria minuta,92425,Chalcididae,7399,Hymenoptera,PRJNA252236,SAMN02870225,SRR1503040
GBLB00000000.1,1116887,Astata minor,253718,Crabronidae,7399,Hymenoptera,PRJNA252227,SAMN02870217,SRR1503031
GBLA00000000.1,601640,Nomada lathburiana,7458,Apidae,7399,Hymenoptera,PRJNA252330,SAMN02870348,SRR1503133
GBKZ00000000.1,1126394,Sphecodes albilabris,77572,Halictidae,7399,Hymenoptera,PRJNA252332,SAMN02870402,SRR1503135
GBLF00000000.1,124134,Andrena vaga,48719,Andrenidae,7399,Hymenoptera,PRJNA252325,SAMN02870209,SRR1503128
GEOV00000000.1,30243,Tegeticula yuccasella,28660,Prodoxidae,7088,Lepidoptera,PRJNA298054,SAMN04155523,SRR3180626
GEOU00000000.1,1737348,Tischeria quercitella,41016,Tischeriidae,7088,Lepidoptera,PRJNA298054,SAMN04155522,SRR3180623
GEOR00000000.1,93883,Tineola bisselliella,41012,Tineidae,7088,Lepidoptera,PRJNA298054,SAMN04155521,SRR3180622
GEOQ00000000.1,93886,Thyridopteryx ephemeraeformis,93884,Psychidae,7088,Lepidoptera,PRJNA298054,SAMN02370288,SRR1021627
GEOP00000000.1,1737347,Palaephatus nielseni,98973,Palaephatidae,7088,Lepidoptera,PRJNA298054,SAMN04155519,SRR3180620
GEON00000000.1,1178138,Palaephatus luteolus,98973,Palaephatidae,7088,Lepidoptera,PRJNA298054,SAMN02370283,SRR1021620
GEOO00000000.1,1407613,Phymatopus californicus,41021,Hepialidae,7088,Lepidoptera,PRJNA298054,SAMN02370274,SRR1021622
GEOM00000000.1,1470539,Metaphatus ochraceus,98973,Palaephatidae,7088,Lepidoptera,PRJNA298054,SAMN04155517,SRR3180616
GEOL00000000.1,1470539,Metaphatus ochraceus,98973,Palaephatidae,7088,Lepidoptera,PRJNA298054,SAMN04155516,SRR3180614
GEOT00000000.1,98984,Pseudopostega quadristrigella,98982,Opostegidae,7088,Lepidoptera,PRJNA298054,SAMN04155518,SRR3180619
GBWI00000000.1,280486,Philanthus triangulum,253718,Crabronidae,7399,Hymenoptera,PRJNA252273,SAMN02870374,SRR1503076
GBWO00000000.1,1124897,Trypoxylon figulus,253718,Crabronidae,7399,Hymenoptera,PRJNA252286,SAMN02870436,SRR1503089
GBWH00000000.1,1126388,Crossocerus quadrimaculatus,253718,Crabronidae,7399,Hymenoptera,PRJNA252271,SAMN02870271,SRR1503074
GBWG00000000.1,1507127,Crabro peltarius,253718,Crabronidae,7399,Hymenoptera,PRJNA252268,SAMN02870270,SRR1503071
GBQI00000000.1,330847,Prionyx kirbii,7485,Sphecidae,7399,Hymenoptera,PRJNA252299,SAMN02870385,SRR1503102
GBQO00000000.1,1507174,Stizoides tridentatus,253718,Crabronidae,7399,Hymenoptera,PRJNA252284,SAMN02870412,SRR1503087
GBQH00000000.1,1507158,Pemphredon lugens,253718,Crabronidae,7399,Hymenoptera,PRJNA252288,SAMN02870371,SRR1503091
GBQD00000000.1,1507169,Sphex funerarius,7485,Sphecidae,7399,Hymenoptera,PRJNA252279,SAMN02870403,SRR1503082
GBPX00000000.1,1088627,Podalonia hirsuta,7485,Sphecidae,7399,Hymenoptera,PRJNA252272,SAMN02870381,SRR1503075
GBPY00000000.1,288402,Isodontia mexicana,7485,Sphecidae,7399,Hymenoptera,PRJNA252264,SAMN02870321,SRR1503067
GBOB00000000.1,420963,Sphecius convallis,253718,Crabronidae,7399,Hymenoptera,PRJNA252349,SAMN02870401,SRR1503152
GBLU00000000.1,1507154,Oxybelus bipunctatus,253718,Crabronidae,7399,Hymenoptera,PRJNA252321,SAMN02870362,SRR1503124
GBMA00000000.1,1294192,Diodontus minutus,253718,Crabronidae,7399,Hymenoptera,PRJNA252322,SAMN02870281,SRR1503125
GBLS00000000.1,1507342,Dinetus pictus,253718,Crabronidae,7399,Hymenoptera,PRJNA252320,SAMN02870280,SRR1503123
GBNF00000000.1,1507137,Harpactus elegans,253718,Crabronidae,7399,Hymenoptera,PRJNA252247,SAMN02870308,SRR1503051
GBNN00000000.1,1507151,Nysson niger,253718,Crabronidae,7399,Hymenoptera,PRJNA252266,SAMN02870351,SRR1503069
GBPR00000000.1,1507176,Tachysphex fulvitarsis,253718,Crabronidae,7399,Hymenoptera,PRJNA252251,SAMN02870419,SRR1503055
GBNL00000000.1,1507168,Sceliphron curvatum,7485,Sphecidae,7399,Hymenoptera,PRJNA252261,SAMN02870396,SRR1503065
GBNR00000000.1,1126390,Gorytes laticinctus,253718,Crabronidae,7399,Hymenoptera,PRJNA252290,SAMN02870305,SRR1503093
GBNH00000000.1,1507163,Psenulus fuscipennis,253718,Crabronidae,7399,Hymenoptera,PRJNA252256,SAMN02870386,SRR1503060
GBNS00000000.1,1507109,Cerceris arenaria,253718,Crabronidae,7399,Hymenoptera,PRJNA252291,SAMN02870235,SRR1503094
GBOM00000000.1,411700,Chalybion californicum,7485,Sphecidae,7399,Hymenoptera,PRJNA252298,SAMN02870236,SRR1503101
GBQR00000000.1,1507104,Bembix rostrata,253718,Crabronidae,7399,Hymenoptera,PRJNA252270,SAMN02870220,SRR1503073
GBUA00000000.1,1507100,Alysson spinosus,253718,Crabronidae,7399,Hymenoptera,PRJNA252289,SAMN02870203,SRR1503092
GFDL00000000.1,7177,Culex tarsalis,7157,Culicidae,7147,Diptera,PRJNA360148,SAMN06204222,"SRR5149155,SRR5149158,SRR5149170,SRR5149179"
GEZZ00000000.1,7421,Diadromus collaris,7408,Ichneumonidae,7399,Hymenoptera,PRJNA225661,"SAMN02388840,SAMN05824024","SRR1022346,SRR4294717"
GEEM00000000.1,7111,Trichoplusia ni,7100,Noctuidae,7088,Lepidoptera,PRJNA308418,SAMN04395210,SRR3095968
GFDG00000000.1,7368,Haematobia irritans,7366,Muscidae,7147,Diptera,PRJNA359481,"SAMN06192181,SAMN06192182","SRR5136552,SRR5136553,SRR5136554,SRR5136555"
GFDF00000000.1,330878,Nyssomyia neivai,7197,Psychodidae,7147,Diptera,PRJNA359206,"SAMN06189232,SAMN06189233,SAMN06189234","SRR5134059,SRR5134060,SRR5134061"
GFCY00000000.1,7091,Bombyx mori,7089,Bombycidae,7088,Lepidoptera,PRJNA357975,SAMN06163073,SRR5119600
GFCX00000000.1,7119,Antheraea pernyi,7117,Saturniidae,7088,Lepidoptera,PRJNA357974,SAMN06163070,SRR5119598
GECK00000000.1,13249,Rhodnius prolixus,27479,Reduviidae,7524,Hemiptera,PRJNA281760,"SAMN03496284,SAMN03496285,SAMN03496286","SRR2001240,SRR2001241,SRR2001242"
GFAF00000000.1,217443,Cotesia vestalis,7402,Braconidae,7399,Hymenoptera,PRJNA227317,"SAMN02401328,SAMN05437583","SRR1032213,SRR3948414"
GEMJ00000000.1,1842465,Rhipidia sejuga,43823,Limoniidae,7147,Diptera,PRJNA319613,SAMN04901563,SRR3452300
GEMI00000000.1,1842463,Pedicia vetusta,702679,Pediciidae,7147,Diptera,PRJNA319613,SAMN04901562,SRR3452301
GEMK00000000.1,1842493,Liogma simplicicornis,702680,Cylindrotomidae,7147,Diptera,PRJNA319613,SAMN04901564,SRR3441821
GECQ00000000.1,460024,Murgantia histrionica,160513,Pentatomidae,7524,Hemiptera,PRJNA302154,"SAMN04267204,SAMN04267205,SAMN04267206,SAMN04267207","SRR2916640,SRR2916643,SRR2916644,SRR2916645"
GEYN00000000.1,51655,Plutella xylostella,51653,Plutellidae,7088,Lepidoptera,PRJNA335320,SAMN05440352,"SRR3955374,SRR3972213,SRR3972295,SRR3972298,SRR3972299,SRR3972322"
GFBA00000000.1,1903630,Tupiocoris notatus,30083,Miridae,7524,Hemiptera,PRJNA343704,"SAMN05792422,SAMN05792423,SAMN05792425,SAMN05792426","SRR1708832,SRR1708833,SRR1708834,SRR1708836"
GFBH00000000.1,1206364,Eogystia hippophaecolus,186108,Cossidae,7088,Lepidoptera,PRJNA328551,SAMN05375057,SRR4409152
GFBD00000000.1,213863,Camponotus fellah,36668,Formicidae,7399,Hymenoptera,PRJNA339034,"SAMN05578870,SAMN05578871","SRR4041814,SRR4041816"
GEZK00000000.1,7038,Bemisia tabaci,7036,Aleyrodidae,7524,Hemiptera,PRJNA338731,"SAMN05567564,SAMN05567565","SRR4039449,SRR4039450"
GDIM00000000.1,35570,Stomoxys calcitrans,7366,Muscidae,7147,Diptera,PRJNA188117,SAMN03840662,"SRR1976146,SRR1979417,SRR1979418,SRR1979467,SRR694289,SRR694925"
GARP00000000.1,7038,Bemisia tabaci,7036,Aleyrodidae,7524,Hemiptera,PRJNA230546,SAMN02580706,SRR039231
GBDZ00000000.1,229990,Locusta migratoria manilensis,7002,Acrididae,6993,Orthoptera,PRJNA241358,SAMN02689438,SRR1194942
GBGB00000000.1,82742,Orius laevigatus,82738,Anthocoridae,7524,Hemiptera,PRJNA191591,SAMN02767604,
GBBY00000000.1,69820,Spodoptera litura,7100,Noctuidae,7088,Lepidoptera,PRJNA232395,"SAMN02442363,SAMN02442364,SAMN02442365,SAMN02442366",SRR1168420
GAIZ00000000.1,7000,Gryllus firmus,6995,Gryllidae,6993,Orthoptera,PRJNA198853,"SAMN02058407,SAMN02058408,SAMN02058409,SAMN02058410,SAMN02058411,SAMN02058412,SAMN02058413,SAMN02058414,SAMN02058415,SAMN02058416,SAMN02058417,SAMN02058418,SAMN02058419,SAMN02058420,SAMN02058421,SAMN02058422,SAMN02058423,SAMN02058424,SAMN02058425,SAMN02058426,SAMN02058427,SAMN02058428","SRR835455,SRR835456,SRR835457,SRR835466,SRR835470,SRR835475,SRR835479,SRR835480,SRR835481,SRR835504,SRR835506,SRR835509,SRR835510,SRR835511,SRR835512,SRR835513,SRR835514,SRR835515,SRR835516,SRR835517,SRR835518,SRR835519"
GAWG00000000.1,7024,Extatosoma tiaratum,55199,Phasmatidae,7020,Phasmatodea,PRJNA238833,SAMN02646411,"SRR1172327,SRR1172340"
GAWF00000000.1,202427,Sipyloidea sipylus,409189,Diapheromeridae,7020,Phasmatodea,PRJNA238833,SAMN02646414,SRR1172444
GAWE00000000.1,1390046,Ramulus artemis,55199,Phasmatidae,7020,Phasmatodea,PRJNA238833,SAMN02646413,"SRR1172422,SRR1172431"
GAWD00000000.1,614211,Medauroidea extradentata,55199,Phasmatidae,7020,Phasmatodea,PRJNA238833,SAMN02646412,"SRR1172394,SRR1172402"
GAWC00000000.1,173775,Aretaon asperrimus,262140,Heteropterygidae,7020,Phasmatodea,PRJNA238833,SAMN02646367,"SRR1172235,SRR1172270"
GAHY00000000.1,13249,Rhodnius prolixus,27479,Reduviidae,7524,Hemiptera,PRJNA191820,,"SRR206936,SRR206937,SRR206938,SRR206946,SRR206947,SRR206948,SRR206952,SRR206983,SRR206984,SRR206985"
GFCT00000000.1,271217,Mythimna separata,7100,Noctuidae,7088,Lepidoptera,PRJNA357654,SAMN06158145,SRR5115697
GFCJ00000000.1,481309,Loxostege sticticalis,268499,Crambidae,7088,Lepidoptera,PRJNA349765,"SAMN05932798,SAMN05932799,SAMN05932800,SAMN05932801,SAMN05932802,SAMN05932803,SAMN05932804,SAMN05932805,SAMN05932806,SAMN05932807,SAMN05932808,SAMN05932809","SRR4905822,SRR4905853,SRR4905843,SRR4905867,SRR4905837,SRR4905831,SRR4905861,SRR4905827,SRR4905847,SRR4905814,SRR4905857,SRR4905818"
IABQ00000000.1,1453163,Trypoxylus dichotomus tunobosonis,7055,Scarabaeidae,7041,Coleoptera,PRJDB4830,SAMD00051587,DRR060357
GEBL00000000.1,7102,Heliothis virescens,7100,Noctuidae,7088,Lepidoptera,PRJNA301587,SAMN04252352,SRR2912076
GEVJ00000000.1,115425,Cochliomyia hominivorax,7371,Calliphoridae,7147,Diptera,PRJNA324578,SAMN05213682,SRR3681113
GBZB00000000.1,208016,Thaumetopoea pityocampa,37571,Notodontidae,7088,Lepidoptera,PRJNA232643,SAMN02776973,"SRR1164907,SRR1284701"
GEOJ00000000.1,753361,Lophocorona astiptica,128162,Lophocoronidae,7088,Lepidoptera,PRJNA298054,SAMN04329922,SRR3180611
GEOG00000000.1,41195,Heterobathmia pseuderiocrania,41193,Heterobathmiidae,7088,Lepidoptera,PRJNA298054,SAMN04329921,SRR3180609
GENS00000000.1,1737349,Ptyssoptera sp. AB-2015,98973,Palaephatidae,7088,Lepidoptera,PRJNA298054,SAMN04155520,SRR3180621
GENX00000000.1,41190,Agathiphaga queenslandensis,41188,Agathiphagidae,7088,Lepidoptera,PRJNA298054,"SAMN04155508,SAMN04155509","SRR3180624,SRR3180627"
GEOB00000000.1,753278,Azaleodes micronipha,98973,Palaephatidae,7088,Lepidoptera,PRJNA298054,SAMN04155511,SRR3180629
GEOE00000000.1,1178096,Enteucha acetosae,58822,Nepticulidae,7088,Lepidoptera,PRJNA298054,SAMN04155514,SRR3180632
GENZ00000000.1,41190,Agathiphaga queenslandensis,41188,Agathiphagidae,7088,Lepidoptera,PRJNA298054,SAMN04155509,SRR3180627
GENY00000000.1,41190,Agathiphaga queenslandensis,41188,Agathiphagidae,7088,Lepidoptera,PRJNA298054,SAMN04155508,SRR3180624
GENO00000000.1,1737348,Tischeria quercitella,41016,Tischeriidae,7088,Lepidoptera,PRJNA298054,SAMN04155522,SRR3180623
GENJ00000000.1,1407613,Phymatopus californicus,41021,Hepialidae,7088,Lepidoptera,PRJNA298054,SAMN02370274,SRR1021622
GENI00000000.1,1178138,Palaephatus luteolus,98973,Palaephatidae,7088,Lepidoptera,PRJNA298054,SAMN02370283,SRR1021620
GENR00000000.1,1178035,Eudarcia simulatricella,41012,Tineidae,7088,Lepidoptera,PRJNA298054,SAMN04155515,SRR3180633
GENH00000000.1,1666527,Dryadaula visaliella,41012,Tineidae,7088,Lepidoptera,PRJNA298054,SAMN04155513,SRR3180631
GEOA00000000.1,753268,Andesiana lamellata,753616,Andesianidae,7088,Lepidoptera,PRJNA298054,SAMN04155510,SRR3180628
GEOD00000000.1,1666527,Dryadaula visaliella,41012,Tineidae,7088,Lepidoptera,PRJNA298054,SAMN04155513,SRR3180631
GENP00000000.1,753143,Acanthopteroctetes unifascia,128163,Acanthopteroctetidae,7088,Lepidoptera,PRJNA298054,"SAMN04155506,SAMN04155507","SRR3180606,SRR3180608"
GENN00000000.1,93883,Tineola bisselliella,41012,Tineidae,7088,Lepidoptera,PRJNA298054,SAMN04155521,SRR3180622
GENM00000000.1,93886,Thyridopteryx ephemeraeformis,93884,Psychidae,7088,Lepidoptera,PRJNA298054,SAMN02370288,SRR1021627
GEOF00000000.1,1178035,Eudarcia simulatricella,41012,Tineidae,7088,Lepidoptera,PRJNA298054,SAMN04155515,SRR3180633
GEOC00000000.1,41182,Dyseriocrania griseocapitella,41178,Eriocraniidae,7088,Lepidoptera,PRJNA298054,SAMN04155512,SRR3180630
GENT00000000.1,753143,Acanthopteroctetes unifascia,128163,Acanthopteroctetidae,7088,Lepidoptera,PRJNA298054,SAMN04155506,SRR3180606
GENU00000000.1,753143,Acanthopteroctetes unifascia,128163,Acanthopteroctetidae,7088,Lepidoptera,PRJNA298054,SAMN04155507,SRR3180608
GEOS00000000.1,753379,Neopseustis meyricki,128171,Neopseustidae,7088,Lepidoptera,PRJNA298054,SAMN04329923,SRR3180618
GEOK00000000.1,1470539,Metaphatus ochraceus,98973,Palaephatidae,7088,Lepidoptera,PRJNA298054,"SAMN04155516,SAMN04155517","SRR3180614,SRR3180616"
GEVD00000000.1,30077,Meccus pallidipennis,27479,Reduviidae,7524,Hemiptera,PRJNA323400,SAMN05178550,SRR3588915
GEZY00000000.1,7048,Sitophilus oryzae,7042,Curculionidae,7041,Coleoptera,PRJNA341819,"SAMN05790886,SAMN05790887","SRR4288819,SRR4288810"
GDQN00000000.1,13191,Pectinophora gossypiella,32434,Gelechiidae,7088,Lepidoptera,PRJNA293973,"SAMN04012687,SAMN04012688,SAMN04012689","SRR2225787,SRR2225788,SRR2225790"
GEZO00000000.1,69820,Spodoptera litura,7100,Noctuidae,7088,Lepidoptera,PRJNA283976,SAMN03658569,SRR2029362
GEYS00000000.1,27457,Bactrocera dorsalis,7211,Tephritidae,7147,Diptera,PRJNA341478,"SAMN02397350,SAMN02404668,SAMN02596125","SRR1026844,SRR1032039,SRR1168415"
HACL00000000.1,7165,Anopheles gambiae,7157,Culicidae,7147,Diptera,PRJEB5712,SAMEA2383447,
GEXM00000000.1,206906,Oxysternon conspicillatum,7055,Scarabaeidae,7041,Coleoptera,PRJNA339294,SAMN05589108,SRR4044612
GEWY00000000.1,36989,Reticulitermes flavipes,36985,Rhinotermitidae,85823,Blattodea,PRJNA336029,SAMN05473224,"SRR4017803,SRR4017804,SRR4017805,SRR4017806,SRR4017807,SRR4017808"
GBRX00000000.1,67801,Glossina palpalis gambiensis,7392,Glossinidae,7147,Diptera,PRJNA260242,SAMN03019587,"SRR1569159,SRR1569161,SRR1569162,SRR1569163,SRR1569165,SRR1569166,SRR1569167,SRR1569168,SRR1569170,SRR1569171,SRR1569173,SRR1569178"
GEBQ00000000.1,36148,Graphocephala atropunctata,30102,Cicadellidae,7524,Hemiptera,PRJNA299492,"SAMN04208332,SAMN04208333,SAMN04208334","SRR2895362,SRR2895363,SRR2895364"
GECU00000000.1,320908,Homalodisca liturata,30102,Cicadellidae,7524,Hemiptera,PRJNA303151,"SAMN04293489,SAMN04293490,SAMN04293491","SRR2959971,SRR2959974,SRR2959976"
GECZ00000000.1,1464854,Cuerna arida,30102,Cicadellidae,7524,Hemiptera,PRJNA303150,"SAMN04292971,SAMN04292972,SAMN04292973","SRR2959412,SRR2959415,SRR2959665"
GEDC00000000.1,38151,Clastoptera arizonana,139606,Clastopteridae,7524,Hemiptera,PRJNA303152,"SAMN04293493,SAMN04293494,SAMN04293495","SRR2959980,SRR2959983,SRR2959985"
GELG00000000.1,58733,Diachasmimorpha longicaudata,7402,Braconidae,7399,Hymenoptera,PRJNA317427,"SAMN04607348,SAMN04607357,SAMN04607362","SRR3336273,SRR3336336,SRR3336337"
GEUD00000000.1,64391,Callosobruchus maculatus,27439,Chrysomelidae,7041,Coleoptera,PRJNA309272,"SAMN04435271,SAMN04435272,SAMN04435273,SAMN04435274,SAMN04435275,SAMN04435276,SAMN04435277,SAMN04435278,SAMN04435279,SAMN04435280,SAMN04435281,SAMN04435282,SAMN04435283,SAMN04435284,SAMN04435285,SAMN04435286,SAMN04435287,SAMN04435288,SAMN04435289,SAMN04435290,SAMN04435291,SAMN04435292,SAMN04435293,SAMN04435294,SAMN04435295,SAMN04435296,SAMN04435297,SAMN04435298,SAMN04435299,SAMN04435300,SAMN04435301,SAMN04435302,SAMN04435303,SAMN04435304,SAMN04435305,SAMN04435306,SAMN04435307,SAMN04435308,SAMN04435309,SAMN04435310,SAMN04435311,SAMN04435312,SAMN04435313,SAMN04435314,SAMN04435315,SAMN04435316,SAMN04435317,SAMN04435318,SAMN04435319,SAMN04435320,SAMN04435321","SRR3113337,SRR3113339,SRR3113340,SRR3113341,SRR3113342,SRR3113343,SRR3113344,SRR3113345,SRR3113346,SRR3113347,SRR3113348,SRR3113350,SRR3113351,SRR3113352,SRR3113353,SRR3113354,SRR3113355,SRR3113356,SRR3113357,SRR3113359,SRR3113361,SRR3113362,SRR3113363,SRR3113364,SRR3113365,SRR3113366,SRR3113367,SRR3113368,SRR3113369,SRR3113370,SRR3113377,SRR3113378,SRR3113379,SRR3113380,SRR3113381,SRR3113382,SRR3113383,SRR3113384,SRR3113385,SRR3113386,SRR3113387,SRR3113414,SRR3113415,SRR3113416,SRR3113417,SRR3113418,SRR3113419,SRR3113420,SRR3113421,SRR3113422,SRR3113423"
GEUH00000000.1,64391,Callosobruchus maculatus,27439,Chrysomelidae,7041,Coleoptera,PRJNA309272,SAMN04435271,SRR3113337
GEUE00000000.1,64391,Callosobruchus maculatus,27439,Chrysomelidae,7041,Coleoptera,PRJNA309272,SAMN04435272,SRR3113339
GEUF00000000.1,64391,Callosobruchus maculatus,27439,Chrysomelidae,7041,Coleoptera,PRJNA309272,SAMN04435273,SRR3113351
GETI00000000.1,7130,Manduca sexta,7128,Sphingidae,7088,Lepidoptera,PRJNA81039,"SAMN03009840,SAMN03009841,SAMN03009842,SAMN03009843,SAMN03009844,SAMN03009845,SAMN03009846,SAMN03009847,SAMN03009848,SAMN03009849,SAMN03009850,SAMN03009851,SAMN03009852,SAMN03009853,SAMN03009854,SAMN03009855,SAMN03009856,SAMN03009857,SAMN03009858,SAMN03009859,SAMN03009860,SAMN03009861,SAMN03009862,SAMN03009863,SAMN03009864,SAMN03009865,SAMN03009866,SAMN03009867,SAMN03009868,SAMN03009869,SAMN03009870,SAMN03009871,SAMN03009872,SAMN03009873,SAMN03009874,SAMN03009875,SAMN03009876,SAMN03009877,SAMN03009878,SAMN03009879,SAMN03009880,SAMN03009881,SAMN03009882,SAMN03009883,SAMN03009884,SAMN03009885,SAMN03009886,SAMN03009887,SAMN03009888,SAMN03009889,SAMN03009890,SAMN03009891","SRR1576990,SRR1576991,SRR1576992,SRR1576993,SRR1576994,SRR1576995,SRR1576996,SRR1576997,SRR1576998,SRR1576999,SRR1577000,SRR1577001,SRR1577002,SRR1577003,SRR1577004,SRR1577005,SRR1577006,SRR1577007,SRR1577008,SRR1577009,SRR1577010,SRR1577011,SRR1577012,SRR1577013,SRR1577014,SRR1577015,SRR1577016,SRR1577017,SRR1577018,SRR1577019,SRR1577020,SRR1577021,SRR1577022,SRR2659994,SRR2659995,SRR2659996,SRR2659997,SRR2659998,SRR2659999,SRR2660000,SRR2660001,SRR2660002,SRR2660003,SRR2660004,SRR2660005,SRR2660006,SRR2660019,SRR2660031,SRR2660033,SRR2660034,SRR2660035,SRR2660045"
GDIO00000000.1,229990,Locusta migratoria manilensis,7002,Acrididae,6993,Orthoptera,PRJNA283919,"SAMN03704890,SAMN03704948,SAMN03704952,SAMN03704957","SRR2037082,SRR2037094,SRR2037099,SRR2037105"
GETQ00000000.1,28610,Rhagoletis pomonella,7211,Tephritidae,7147,Diptera,PRJNA324814,"SAMN05214487,SAMN05214488,SAMN05214489,SAMN05214490,SAMN05214491,SAMN05214492,SAMN05214493,SAMN05214522,SAMN05214655,SAMN05214656,SAMN05214657,SAMN05214658,SAMN05214659,SAMN05214660,SAMN05214661,SAMN05214662,SAMN05214684","SRR3647622,SRR3647626,SRR3647627,SRR3647642,SRR3647846,SRR3647897,SRR3647914,SRR3647916,SRR3647946,SRR3647951,SRR3647977,SRR3647996,SRR3648003,SRR3648010,SRR3648033,SRR3648042,SRR3648055"
GDVG00000000.1,325643,Clitarchus hookeri,55199,Phasmatidae,7020,Phasmatodea,PRJNA286351,SAMN04005136,SRR2230521
GEOW00000000.1,7054,Photinus pyralis,7049,Lampyridae,7041,Coleoptera,PRJNA321737,SAMN05001774,SRR3521424
GESP00000000.1,7108,Spodoptera frugiperda,7100,Noctuidae,7088,Lepidoptera,PRJNA318819,SAMN04868322,"SRR3406020,SRR3406031,SRR3406036,SRR3406052,SRR3406053,SRR3406054,SRR3406055,SRR3406059"
GDKW00000000.1,72488,Rhodnius neglectus,27479,Reduviidae,7524,Hemiptera,PRJNA292130,SAMN03975952,SRR2157971
GEMB00000000.1,30076,Triatoma infestans,27479,Reduviidae,7524,Hemiptera,PRJNA314811,SAMN04543919,SRR3287340
GCZW00000000.1,7038,Bemisia tabaci,7036,Aleyrodidae,7524,Hemiptera,PRJNA282153,SAMN03567662,SRR2001504
GBFE00000000.1,7004,Locusta migratoria,7002,Acrididae,6993,Orthoptera,PRJNA245374,SAMN02737055,SRR1262364
GAPR00000000.1,7421,Diadromus collaris,7408,Ichneumonidae,7399,Hymenoptera,PRJNA225661,SAMN02388840,SRR1022346
GAQF00000000.1,217443,Cotesia vestalis,7402,Braconidae,7399,Hymenoptera,PRJNA227317,SAMN02401328,SRR1032213
GABB00000000.1,48909,Archaeopsylla erinacei,7511,Pulicidae,7509,Siphonaptera,PRJNA181025,SAMN01737642,
GELL00000000.1,115081,Megalopta genalis,77572,Halictidae,7399,Hymenoptera,PRJNA282469,"SAMN03570372,SAMN03570373,SAMN03570374","SRR2060787,SRR2060796,SRR2060797,SRR2060798,SRR2060799,SRR2060816,SRR2060817,SRR2060818,SRR2060819"
GEIF00000000.1,6978,Periplaneta americana,6974,Blattidae,85823,Blattodea,PRJNA315589,"SAMN04577824,SAMN04577829,SAMN04577835","SRR3289663,SRR3289684,SRR3289687"
GEDY00000000.1,286706,Halyomorpha halys,160513,Pentatomidae,7524,Hemiptera,PRJNA263732,SAMN03285400,SRR1764444
GEDM00000000.1,441921,Neodiprion lecontei,52632,Diprionidae,7399,Hymenoptera,PRJNA280451,SAMN04302197,SRR2970133
GDKB00000000.1,82600,Cydia pomonella,7139,Tortricidae,7088,Lepidoptera,PRJNA289066,"SAMN03840883,SAMN03840886,SAMN03840888","SRR2089353,SRR2089764,SRR2093851,SRR2094640,SRR2128003,SRR2128094"
GDUN00000000.1,7159,Aedes aegypti,7157,Culicidae,7147,Diptera,PRJNA298896,SAMN04168647,"SRR2659965,SRR2659966"
GDHC00000000.1,30085,Lygus hesperus,30083,Miridae,7524,Hemiptera,PRJNA284294,"SAMN01831325,SAMN02222160,SAMN02222161,SAMN02222162,SAMN02222163,SAMN02222164,SAMN02222165,SAMN02222166,SAMN02222167,SAMN02679940,SAMN02679941,SAMN02679942,SAMN02679943,SAMN02679944,SAMN02679945,SAMN02679946,SAMN02679947,SAMN02679948,SAMN03792993,SAMN03792994,SAMN03792995","SRR1186295,SRR1186315,SRR1186516,SRR1186658,SRR1186749,SRR1186752,SRR1186787,SRR1186788,SRR1186789,SRR2077546,SRR922103,SRR925992,SRR925993,SRR925994,SRR925995,SRR926582,SRR926585,SRR926586,SRR926587"
GEDO00000000.1,1133088,Conogethes punctiferalis,268499,Crambidae,7088,Lepidoptera,PRJNA304355,SAMN04299556,"SRR2976624,SRR2976631"
GCET00000000.1,232242,Coptotermes gestroi,36985,Rhinotermitidae,85823,Blattodea,PRJNA260184,"SAMN03018469,SAMN03018470","SRR1774237,SRR1774239"
GCJP00000000.1,1049282,Biston suppressaria,82593,Geometridae,7088,Lepidoptera,PRJNA273898,SAMN03301663,SRR1777716
GEEA00000000.1,27457,Bactrocera dorsalis,7211,Tephritidae,7147,Diptera,PRJNA292631,SAMN03982873,SRR2163082
GEEF00000000.1,7539,Leptinotarsa decemlineata,27439,Chrysomelidae,7041,Coleoptera,PRJNA297027,"SAMN04112811,SAMN04122824,SAMN04122838","SRR2556962,SRR2600374,SRR2600376,SRR2600438,SRR2600681,SRR2600974,SRR2600998,SRR2600999,SRR2601000"
GDAI00000000.1,304241,Tabanus bromius,7205,Tabanidae,7147,Diptera,PRJNA283639,SAMN03653681,SRR2017608
GAPW00000000.1,7160,Aedes albopictus,7157,Culicidae,7147,Diptera,PRJNA223166,SAMN02378353,"SRR1013510,SRR1013799"
GCEQ00000000.1,405760,Psyttalia lounsburyi,7402,Braconidae,7399,Hymenoptera,PRJNA262711,"SAMN03085504,SAMN03085507","SRR1593906,SRR1593907,SRR1593908"
GCDX00000000.1,389103,Psyttalia concolor,7402,Braconidae,7399,Hymenoptera,PRJNA262710,SAMN03085503,"SRR1593901,SRR1593902"
GCZT00000000.1,7160,Aedes albopictus,7157,Culicidae,7147,Diptera,PRJNA279095,SAMN03447158,"SRR1929803,SRR1929806,SRR1929813,SRR1929815,SRR1929816,SRR1929819,SRR1950628"
GEFG00000000.1,211228,Cephus cinctus,27524,Cephidae,7399,Hymenoptera,PRJNA302015,"SAMN04362882,SAMN04362884","SRR3052011,SRR3052016"
GBZS00000000.1,69820,Spodoptera litura,7100,Noctuidae,7088,Lepidoptera,PRJNA270564,SAMN03267225,SRR522247
GEFD00000000.1,211228,Cephus cinctus,27524,Cephidae,7399,Hymenoptera,PRJNA302015,"SAMN04362879,SAMN04362880,SAMN04362881","SRR3048750,SRR3048775,SRR3051636"
GEEY00000000.1,211228,Cephus cinctus,27524,Cephidae,7399,Hymenoptera,PRJNA302015,SAMN04263466,SRR3048546
GEES00000000.1,441921,Neodiprion lecontei,52632,Diprionidae,7399,Hymenoptera,PRJNA280451,"SAMN04302192,SAMN04302193,SAMN04302194,SAMN04302195,SAMN04302196,SAMN04302197,SAMN04302198","SRR2970128,SRR2970129,SRR2970130,SRR2970131,SRR2970132,SRR2970133,SRR2970134"
GAWQ00000000.2,1323542,Okanagana villosa,7033,Cicadidae,7524,Hemiptera,PRJNA219585,SAMN02047193,SRR921625
GAWS00000000.2,6978,Periplaneta americana,6974,Blattidae,85823,Blattodea,PRJNA219590,SAMN02047124,SRR921630
GAXH00000000.2,299019,Parides eurimedes,7143,Papilionidae,7088,Lepidoptera,PRJNA219589,SAMN02047186,SRR921629
GASV00000000.2,537464,Notostira elongata,30083,Miridae,7524,Hemiptera,PRJNA219583,SAMN02047151,SRR921623
GATV00000000.2,227363,Perla marginata,51551,Perlidae,50622,Plecoptera,PRJNA219591,SAMN02047115,SRR921631
GAUJ00000000.2,222816,Orussus abietinus,27528,Orussidae,7399,Hymenoptera,PRJNA219586,SAMN02047118,SRR921626
GAYC00000000.2,446453,Osmylus fulvicephalus,279424,Osmylidae,7516,Neuroptera,PRJNA219587,SAMN02047166,SRR921627
GATB00000000.2,627751,Metallyticus splendidus,267106,Metallyticidae,7504,Mantodea,PRJNA219580,SAMN02047174,SRR921620
GAUM00000000.2,438506,Machilis hrabei,50558,Machilidae,29994,Archaeognatha,PRJNA219574,SAMN02047109,SRR921614
GAZD00000000.2,1323540,Lipara lucens,29032,Chloropidae,7147,Diptera,PRJNA219572,SAMN02047130,SRR921612
GASW00000000.2,7507,Mantis religiosa,7505,Mantidae,7504,Mantodea,PRJNA219575,SAMN02047157,SRR921615
GATA00000000.2,1323541,Meloe violaceus,34672,Meloidae,7041,Coleoptera,PRJNA219578,SAMN02047163,SRR921618
GAXF00000000.2,170843,Planococcus citri,30190,Pseudococcidae,7524,Hemiptera,PRJNA219593,SAMN02047127,SRR921633
GAWJ00000000.2,614134,Peruphasma schultei,58556,Pseudophasmatidae,7020,Phasmatodea,PRJNA219592,SAMN02047114,SRR921632
GAYZ00000000.2,280158,Ranatra linearis,236403,Nepidae,7524,Hemiptera,PRJNA219599,SAMN02047138,SRR921639
GAST00000000.2,265386,Polyommatus icarus,27544,Lycaenidae,7088,Lepidoptera,PRJNA219596,SAMN02047136,SRR921636
GASS00000000.2,763388,Platycentropus radiatus,50645,Limnephilidae,30263,Trichoptera,PRJNA219594,SAMN02047196,SRR921634
GAUZ00000000.2,355390,Stenobothrus lineatus,7002,Acrididae,6993,Orthoptera,PRJNA219602,SAMN02047137,SRR921642
GASN00000000.2,89055,Thermobia domestica,27551,Lepismatidae,30264,Zygentoma,PRJNA219608,SAMN02047119,SRR921648
GAWX00000000.2,88556,Trialeurodes vaporariorum,7036,Aleyrodidae,7524,Hemiptera,PRJNA219611,SAMN02047126,SRR921651
GAVX00000000.2,61476,Timema cristinae,213546,Timematidae,7020,Phasmatodea,PRJNA219610,SAMN02047191,SRR921650
GAXB00000000.2,1323568,Tanzaniophasma sp. AD-2013,409171,Tanzaniophasmatidae,192413,Mantophasmatodea,PRJNA219604,SAMN02047176,SRR921644
GAZM00000000.2,50597,Stylops melittae,41038,Stylopidae,30261,Strepsiptera,PRJNA219603,SAMN02047139,SRR921643
GASQ00000000.2,288127,Tetrix subulata,58550,Tetrigidae,6993,Orthoptera,PRJNA219606,SAMN02047150,SRR921646
GAWW00000000.2,1323543,Tenthredo koehleri,27532,Tenthredinidae,7399,Hymenoptera,PRJNA219605,SAMN02047159,SRR921645
GAYI00000000.2,1254495,Xenophysella greensladeae,38152,Peloridiidae,7524,Hemiptera,PRJNA219618,SAMN02047181,SRR921658
GAUI00000000.2,887762,Xanthostigma xanthostigma,50483,Raphidiidae,50482,Raphidioptera,PRJNA219617,SAMN02047106,SRR921657
GAVB00000000.2,537462,Triodia sylvina,41021,Hepialidae,7088,Lepidoptera,PRJNA219615,SAMN02047133,SRR921655
GAXZ00000000.2,1323544,Trichocera saltator,52747,Trichoceridae,7147,Diptera,PRJNA219613,SAMN02047162,SRR921653
GAUO00000000.2,301293,Velia caprai,95677,Veliidae,7524,Hemiptera,PRJNA219616,SAMN02047131,SRR921656
GAVA00000000.2,670663,Triarthria setipennis,27474,Tachinidae,7147,Diptera,PRJNA219612,SAMN02047117,SRR921652
GAZB00000000.2,1323565,Lepicerus sp. AD-2013,110034,Lepiceridae,7041,Coleoptera,PRJNA219569,SAMN02047177,SRR921609
GAZH00000000.2,279416,Inocellia crassicornis,140688,Inocelliidae,50482,Raphidioptera,PRJNA219567,SAMN02047103,SRR921607
GAUY00000000.2,1323538,Gyrinus marinus,107778,Gyrinidae,7041,Coleoptera,PRJNA219564,SAMN02047132,SRR921604
GAWZ00000000.2,1323563,Gryllotalpa sp. AD-2013,208677,Gryllotalpidae,6993,Orthoptera,PRJNA219562,SAMN02047167,SRR921602
GAWP00000000.2,707599,Grylloblatta bifratrilecta,244939,Grylloblattidae,58557,Grylloblattodea,PRJNA219561,SAMN02047192,SRR921601
GAXA00000000.2,603693,Isonychia bicolor,219466,Isonychiidae,30073,Ephemeroptera,PRJNA219568,SAMN02047198,SRR921608
GASG00000000.2,263930,Yponomeuta evonymellus,33464,Yponomeutidae,7088,Lepidoptera,PRJNA219619,SAMN02047146,SRR921659
GAYB00000000.2,287248,Zygaena fausta,115354,Zygaenidae,7088,Lepidoptera,PRJNA219621,SAMN02047113,SRR921661
GAZF00000000.2,759921,Essigella californica,96541,Lachnidae,7524,Hemiptera,PRJNA219554,SAMN02047099,SRR921594
GAZG00000000.2,1323562,Eurylophella sp. AD-2013,50633,Ephemerellidae,30073,Ephemeroptera,PRJNA219556,SAMN02047200,SRR921596
GAXW00000000.2,516507,Euroleon nostras,27427,Myrmeleontidae,7516,Neuroptera,PRJNA219555,SAMN02047165,SRR921595
GAWT00000000.2,1323537,Empusa pennata,200550,Empusidae,7504,Mantodea,PRJNA219551,SAMN02047168,SRR921590
GAUK00000000.2,1049336,Ephemera danica,50581,Ephemeridae,30073,Ephemeroptera,PRJNA219552,SAMN02047152,SRR921591
GAUN00000000.2,279269,Cercopis vulnerata,30086,Cercopidae,7524,Hemiptera,PRJNA219537,SAMN02047155,SRR921578
GAZN00000000.2,89837,Cryptocercus wrighti,36982,Cryptocercidae,85823,Blattodea,PRJNA219546,SAMN02047199,SRR921587
GAYO00000000.2,126173,Cordulegaster boltonii,107811,Cordulegastridae,6961,Odonata,PRJNA219542,SAMN02047156,SRR921583
GAYP00000000.2,7515,Ctenocephalides felis,7511,Pulicidae,7509,Siphonaptera,PRJNA219547,SAMN02047194,SRR921588
GATY00000000.2,212616,Chrysis viridula,27511,Chrysididae,7399,Hymenoptera,PRJNA219540,SAMN02047158,SRR921581
GAYD00000000.2,36942,Blaberus atropos,6979,Blaberidae,85823,Blattodea,PRJNA219531,SAMN02047121,SRR921572
GAYK00000000.2,185833,Boreus hyemalis,48910,Boreidae,27420,Mecoptera,PRJNA219533,SAMN02047164,SRR921574
GAZQ00000000.2,173775,Aretaon asperrimus,262140,Heteropterygidae,7020,Phasmatodea,PRJNA219526,SAMN02047129,SRR921567
GAYM00000000.2,52612,Calopteryx splendens,50489,Calopterygidae,6961,Odonata,PRJNA219534,SAMN02047184,SRR921575
GATU00000000.2,1476881,Baetis sp. AD-2013,172515,Baetidae,30073,Ephemeroptera,PRJNA219528,SAMN02047149,SRR921569
GATH00000000.2,172808,Bittacus pilicornis,27422,Bittacidae,27420,Mecoptera,PRJNA219530,SAMN02047197,SRR921571
GAWU00000000.2,911381,Aposthonia japonica,50658,Oligotomidae,50657,Embioptera,PRJNA219525,SAMN02047170,SRR921566
GAUW00000000.2,1323532,Apachyus charteceus,211557,Apachyidae,27434,Dermaptera,PRJNA219524,SAMN02047175,SRR921565
GAUV00000000.2,483950,Acanthosoma haemorrhoidale,236378,Acanthosomatidae,7524,Hemiptera,PRJNA219520,SAMN02047154,SRR921561
GDKA00000000.1,354439,Rhynchophorus ferrugineus,7042,Curculionidae,7041,Coleoptera,PRJNA275430,SAMN03344737,SRR1803624
GDAR00000000.1,77166,Dendroctonus ponderosae,7042,Curculionidae,7041,Coleoptera,PRJNA269763,"SAMN03256981,SAMN03256982,SAMN03256983,SAMN03256984,SAMN03256985,SAMN03256986,SAMN03256987,SAMN03256988,SAMN03256989,SAMN03256990,SAMN03256991,SAMN03256992,SAMN03256993,SAMN03256994,SAMN03256995,SAMN03256996,SAMN03256997,SAMN03256998,SAMN03256999,SAMN03257000,SAMN03257001,SAMN03257002,SAMN03257003,SAMN03257004,SAMN03257005,SAMN03257006,SAMN03257007,SAMN03257008,SAMN03257009,SAMN03257010,SAMN03257011,SAMN03257012","SRR1702878,SRR1702890,SRR1702891,SRR1702894,SRR1702898,SRR1702901,SRR1702904,SRR1702910,SRR1702913,SRR1702916,SRR1702919,SRR1702923,SRR1702925,SRR1702927,SRR1702929,SRR1702930,SRR1702932,SRR1702933,SRR1702934,SRR1702950,SRR1702966,SRR1702979,SRR1702987,SRR1702988,SRR1702992,SRR1703009,SRR1703010,SRR1703012,SRR1703014,SRR1703016,SRR1703018,SRR1703019"
GECT00000000.1,32389,Pteromalus puparum,7423,Pteromalidae,7399,Hymenoptera,PRJNA276955,SAMN03382593,"SRR1823062,SRR1823064,SRR1823065"
GAYV00000000.2,185214,Liposcelis bostrychophila,160149,Liposcelidae,30259,Psocoptera,PRJNA219573,SAMN02047187,SRR921613
GAXX00000000.2,1223722,Rhyacophila fasciata,177631,Rhyacophilidae,30263,Trichoptera,PRJNA219600,SAMN02047161,SRR921640
GAVM00000000.2,1325438,Hydroptila sp. AD-2013,57995,Hydroptilidae,30263,Trichoptera,PRJNA219566,SAMN02047190,SRR921606
GECN00000000.1,454923,Diachasma alloeum,7402,Braconidae,7399,Hymenoptera,PRJNA283787,"SAMN03656147,SAMN03656148","SRR2040481,SRR2041626"
GEDK00000000.1,441921,Neodiprion lecontei,52632,Diprionidae,7399,Hymenoptera,PRJNA280451,SAMN04302192,SRR2970128
GECL00000000.1,72491,Triatoma dimidiata,27479,Reduviidae,7524,Hemiptera,PRJNA300554,SAMN04240765,SRR2899821
GEDB00000000.1,743375,Polistes dominula,7438,Vespidae,7399,Hymenoptera,PRJNA291219,"SAMN03940809,SAMN03940810,SAMN03940811,SAMN03940812,SAMN03940813,SAMN03940814,SAMN03940815,SAMN03940816,SAMN03940817,SAMN03940818,SAMN03940819","SRR2133892,SRR2133893,SRR2133895,SRR2133896,SRR2133897,SRR2133898,SRR2133899,SRR2133900,SRR2133901,SRR2133902,SRR2133903,SRR2133904,SRR2133905,SRR2133906,SRR2133907,SRR2133909,SRR2133910,SRR2133911,SRR2133913,SRR2133914,SRR2133915,SRR2133916,SRR2133917"
GBIJ00000000.1,7038,Bemisia tabaci,7036,Aleyrodidae,7524,Hemiptera,PRJNA255986,SAMN02934455,SRR1523522
GBII00000000.1,7038,Bemisia tabaci,7036,Aleyrodidae,7524,Hemiptera,PRJNA255988,SAMN02934457,SRR1523521
GECM00000000.1,40370,Drosophila montana,7214,Drosophilidae,7147,Diptera,PRJNA300939,"SAMN02898087,SAMN02898088,SAMN02898089,SAMN02898091,SAMN02898092,SAMN02898096,SAMN04231168,SAMN04231169,SAMN04231170,SAMN04231171,SAMN04231172,SAMN04231173,SAMN04231174,SAMN04231175,SAMN04231176,SAMN04231177","SRR1501259,SRR1501260,SRR1501261,SRR1501262,SRR1501263,SRR1501264,SRR2910689,SRR2910692,SRR2910693,SRR2910695,SRR2910698,SRR2910701,SRR2910702,SRR2910703,SRR2910704,SRR2910705"
GBSB00000000.1,50390,Diabrotica virgifera virgifera,27439,Chrysomelidae,7041,Coleoptera,PRJNA260164,SAMN03078468,SRR1585602
GDQV00000000.1,270894,Arachnocampa luminosa,58254,Keroplatidae,7147,Diptera,PRJNA290397,"SAMN04029109,SAMN04029110,SAMN04029111,SAMN04029112,SAMN04029113,SAMN04029114","SRR2241413,SRR2283829,SRR2283830,SRR2283831,SRR2283975,SRR2284246"
GBXD00000000.1,29058,Helicoverpa armigera,7100,Noctuidae,7088,Lepidoptera,PRJNA264881,"SAMN03120571,SAMN03144199,SAMN03144200,SAMN03144201,SAMN03144202,SAMN03144203","SRR1630741,SRR1630794,SRR1630796,SRR1630797,SRR1630798,SRR1630799"
GBUH00000000.1,154003,Chrysomela populi,27439,Chrysomelidae,7041,Coleoptera,PRJNA212154,SAMN02374897,SRR1014805
GDJM00000000.1,32392,Cotesia rubecula,7402,Braconidae,7399,Hymenoptera,PRJNA289731,SAMN03857491,"SRR2105806,SRR2105807,SRR2105808,SRR2105809,SRR2105810,SRR2105811,SRR2105812,SRR2105813,SRR2105814,SRR2105815,SRR2105816,SRR2105817"
GBYH00000000.1,79782,Cimex lectularius,30078,Cimicidae,7524,Hemiptera,PRJNA264998,SAMN03144972,"SRR1660430,SRR1660431,SRR1660432,SRR1660433,SRR1660434,SRR1660435,SRR1660436,SRR1660437"
GBSU00000000.1,307491,Aphis glycines,27482,Aphididae,7524,Hemiptera,PRJNA231526,"SAMN00008645,SAMN02442870","SRR035502,SRR1048896"
GAUP00000000.2,217443,Cotesia vestalis,7402,Braconidae,7399,Hymenoptera,PRJNA219545,SAMN02047178,SRR921586
GAYL00000000.2,1323536,Cosmioperla kuna,143704,Eustheniidae,50622,Plecoptera,PRJNA219544,SAMN02047101,SRR921585
GDRP00000000.1,27457,Bactrocera dorsalis,7211,Tephritidae,7147,Diptera,PRJNA238151,SAMN02596125,SRR1168415
GATC00000000.2,233164,Nemophora degeerella,30222,Adelidae,7088,Lepidoptera,PRJNA219581,SAMN02047104,SRR921621
GAYF00000000.2,108931,Nilaparvata lugens,33362,Delphacidae,7524,Hemiptera,PRJNA219582,SAMN02047185,SRR921622
GAUH00000000.2,52562,Panorpa vulgaris,50439,Panorpidae,27420,Mecoptera,PRJNA219588,SAMN02047142,SRR921628
GAZE00000000.2,13139,Mastotermes darwiniensis,37434,Mastotermitidae,85823,Blattodea,PRJNA219576,SAMN02047123,SRR921616
GAUF00000000.2,1323566,Leuctra sp. AD-2013,143733,Leuctridae,50622,Plecoptera,PRJNA219571,SAMN02047153,SRR921611
GAUG00000000.2,1323549,Meinertellus cundinamarcensis,85513,Meinertellidae,29994,Archaeognatha,PRJNA219577,SAMN02047182,SRR921617
GAWR00000000.2,328185,Menopon gallinae,50630,Menoponidae,85819,Phthiraptera,PRJNA219579,SAMN02047141,SRR921619
GAXY00000000.2,63434,Leptopilina clavipes,44353,Figitidae,7399,Hymenoptera,PRJNA219570,SAMN02047179,SRR921610
GASE00000000.2,1312446,Prorhinotermes simplex,36985,Rhinotermitidae,85823,Blattodea,PRJNA219597,SAMN02047122,SRR921637
GAVV00000000.2,417508,Pseudomallada prasinus,7520,Chrysopidae,7516,Neuroptera,PRJNA219548,SAMN02047105,SRR921589
GAZT00000000.2,58589,Prosarthria teretrirostris,58545,Proscopiidae,6993,Orthoptera,PRJNA219598,SAMN02047125,SRR921638
GAXC00000000.2,161013,Thrips palmi,45053,Thripidae,30262,Thysanoptera,PRJNA219609,SAMN02047112,SRR921649
GASO00000000.2,89825,Tricholepidion gertschi,85510,Lepidotrichidae,30264,Zygentoma,PRJNA219614,SAMN02047188,SRR921654
GAXG00000000.2,59752,Gynaikothrips ficorum,38137,Phlaeothripidae,30262,Thysanoptera,PRJNA219563,SAMN02047111,SRR921603
GAZA00000000.2,1323539,Haploembia palaui,50658,Oligotomidae,50657,Embioptera,PRJNA219565,SAMN02047183,SRR921605
GAWN00000000.2,378494,Galloisiana yuasai,244939,Grylloblattidae,58557,Grylloblattodea,PRJNA219560,SAMN02047172,SRR921600
GAYA00000000.2,1323545,Zorotypus caudelli,178298,Zorotypidae,30265,Zoraptera,PRJNA219620,SAMN02047173,SRR921660
GAYQ00000000.2,13068,Forficula auricularia,27437,Forficulidae,27434,Dermaptera,PRJNA219558,SAMN02047143,SRR921598
GAPT00000000.2,322492,Ectopsocus briggsi,38128,Ectopsocidae,30259,Psocoptera,PRJNA219550,SAMN01801569,SRR645929
GAYE00000000.2,407008,Frankliniella cephalica,45053,Thripidae,30262,Thysanoptera,PRJNA219559,SAMN02047110,SRR921599
GAVW00000000.2,126247,Epiophlebia superstes,126192,Epiophlebiidae,6961,Odonata,PRJNA219553,SAMN02047171,SRR921592
GASY00000000.2,173635,Dyseriocrania subpurpurella,41178,Eriocraniidae,7088,Lepidoptera,PRJNA219549,SAMN02047140,SRR921593
GATG00000000.2,559164,Corydalus cornutus,50554,Corydalidae,50553,Megaloptera,PRJNA219543,SAMN02047201,SRR921584
GAUX00000000.2,1323559,Ceuthophilus sp. AD-2013,62768,Rhaphidophoridae,6993,Orthoptera,PRJNA219538,SAMN02047189,SRR921579
GAWK00000000.2,217689,Ceratophyllus gallinae,51295,Ceratophyllidae,7509,Siphonaptera,PRJNA219536,SAMN02047116,SRR921577
GAYH00000000.2,1323535,Conwentzia psociformis,279441,Coniopterygidae,7516,Neuroptera,PRJNA219541,SAMN02047147,SRR921582
GAYJ00000000.2,459531,Atelura formicaria,85509,Nicoletiidae,30264,Zygentoma,PRJNA219527,SAMN02047107,SRR921568
GATJ00000000.2,189979,Bibio marci,52729,Bibionidae,7147,Diptera,PRJNA219529,SAMN02047144,SRR921570
GATI00000000.2,240869,Bombylius major,50674,Bombyliidae,7147,Diptera,PRJNA219532,SAMN02047145,SRR921573
GATW00000000.2,135881,Aleochara curtula,29026,Staphylinidae,7041,Coleoptera,PRJNA219522,SAMN02047128,SRR921563
GAYY00000000.2,1323547,Acanthocasuarina muellerianae,38124,Triozidae,7524,Hemiptera,PRJNA219519,SAMN02047100,SRR921560
GBYD00000000.1,995702,Euwallacea fornicatus,7042,Curculionidae,7041,Coleoptera,PRJNA260703,SAMN03018261,SRR1573502
GCLM00000000.1,7160,Aedes albopictus,7157,Culicidae,7147,Diptera,PRJNA278340,"SAMN03390057,SAMN03390060,SAMN03390061,SAMN03390062,SAMN03390063,SAMN03390064,SAMN03390065","SRR1845684,SRR1845685,SRR1845686,SRR1845687,SRR1845688,SRR1845689,SRR1845690"
GBCW00000000.1,47767,Agrotis segetum,7100,Noctuidae,7088,Lepidoptera,PRJNA244025,SAMN02721400,SRR1231960
GDAV00000000.1,7370,Musca domestica,7366,Muscidae,7147,Diptera,PRJNA279218,SAMN03438122,SRR1943296
GDLS00000000.1,57062,Hypothenemus hampei,7042,Curculionidae,7041,Coleoptera,PRJNA279497,SAMN03448479,SRR2163439
GDKS00000000.1,74873,Anopheles sinensis,7157,Culicidae,7147,Diptera,PRJNA293400,SAMN04002516,SRR2179943
GDKQ00000000.1,110193,Nicrophorus vespilloides,57514,Silphidae,7041,Coleoptera,PRJNA285436,"SAMN03753827,SAMN03753828,SAMN03753829,SAMN03753830,SAMN03753831,SAMN03753832,SAMN03753833,SAMN03753834,SAMN03753835,SAMN03753836,SAMN03753837,SAMN03753838,SAMN03753839,SAMN03753840,SAMN03753841,SAMN03753842,SAMN03753843,SAMN03753844,SAMN03753845,SAMN03753846,SAMN03753847,SAMN03753848,SAMN03753849,SAMN03753850","SRR2086504,SRR2086507,SRR2086508,SRR2086509,SRR2086510,SRR2086511,SRR2089927,SRR2089928,SRR2089929,SRR2089932,SRR2089933,SRR2089934,SRR2089939,SRR2089940,SRR2089944,SRR2089950,SRR2089955,SRR2089957,SRR2089958,SRR2089959,SRR2089960,SRR2089961,SRR2089992,SRR2089993"
GCTM00000000.1,7108,Spodoptera frugiperda,7100,Noctuidae,7088,Lepidoptera,PRJNA271593,SAMN03401150,SRR1917038
GAPE00000000.1,1431903,Brassicogethes aeneus,116151,Nitidulidae,7041,Coleoptera,PRJNA223353,SAMN02378901,SRR1015472
GAKG00000000.1,217443,Cotesia vestalis,7402,Braconidae,7399,Hymenoptera,PRJNA186892,SAMN01892541,SRR770031
GBGD00000000.1,65343,Panstrongylus megistus,27479,Reduviidae,7524,Hemiptera,PRJNA249079,SAMN02808717,SRR1304639
GALO00000000.1,88217,Apis mellifera carnica,7458,Apidae,7399,Hymenoptera,PRJNA209400,SAMN02212676,SRR922135
GBEU00000000.1,408256,Telenomus podisi,32417,Scelionidae,7399,Hymenoptera,PRJNA246261,SAMN02746150,"SRR1274857,SRR1274858"
GBES00000000.1,1225065,Dichelops melacanthus,160513,Pentatomidae,7524,Hemiptera,PRJNA246259,SAMN02746137,"SRR1274853,SRR1274854"
GBFA00000000.1,1497372,Chinavia ubica,160513,Pentatomidae,7524,Hemiptera,PRJNA246250,SAMN02744791,"SRR1274841,SRR1274849"
GBER00000000.1,437493,Euschistus heros,160513,Pentatomidae,7524,Hemiptera,PRJNA246125,SAMN02743531,"SRR1274839,SRR1274840"
GBXH00000000.1,12985,Cadra cautella,7135,Pyralidae,7088,Lepidoptera,PRJNA254197,SAMN02903331,SRR1508178
GAPL00000000.1,44664,Sitobion avenae,27482,Aphididae,7524,Hemiptera,PRJNA196813,SAMN02044402,SRR1023729
GACO00000000.1,50550,Priacma serrata,50548,Cupedidae,7041,Coleoptera,PRJNA181032,SAMN01766807,SRR596769
GACP00000000.1,41027,Micropterix calthella,41025,Micropterigidae,7088,Lepidoptera,PRJNA181028,SAMN01737643,SRR596161
GADH00000000.1,1247484,Corydalinae sp. KMRSPBM-2012,50554,Corydalidae,50553,Megaloptera,PRJNA181124,SAMN01774156,SRR621403
GADB00000000.1,1260225,Nannochorista philpotti,172803,Nannochoristidae,27420,Mecoptera,PRJNA181029,SAMN01766986,SRR621341
GADA00000000.1,1247479,Xyela alpigena,48206,Xyelidae,7399,Hymenoptera,PRJNA181036,SAMN01774150,SRR621116
GACZ00000000.1,1247485,Tipula maxima,41042,Tipulidae,7147,Diptera,PRJNA181035,SAMN01774151,SRR620757
GACX00000000.1,1247481,Raphidia ariadne,50483,Raphidiidae,50482,Raphidioptera,PRJNA181033,SAMN01774154,SRR621115
GACV00000000.1,1247480,Philopotamus ludificatus,93876,Philopotamidae,30263,Trichoptera,PRJNA181031,SAMN01774152,SRR621117
GACU00000000.1,1247482,Nevrorthus apatelios,279498,Nevrorthidae,7516,Neuroptera,PRJNA181030,SAMN01774155,SRR620576
GACY00000000.1,1155016,Mengenilla moldrzyki,50600,Mengenillidae,30261,Strepsiptera,PRJNA181027,SAMN01766808,SRR619393
GACW00000000.1,118799,Carabus granulatus,41073,Carabidae,7041,Coleoptera,PRJNA181026,SAMN01766557,SRR596983
GABK00000000.1,279420,Sialis lutaria,50606,Sialidae,50553,Megaloptera,PRJNA181034,SAMN01766809,SRR596160
GAMD00000000.1,42839,Anopheles aquasalis,7157,Culicidae,7147,Diptera,PRJNA210899,"SAMN02230077,SAMN02230078","SRR927455,SRR927456,SRR927458"
GALA00000000.1,869069,Psorophora albipes,7157,Culicidae,7147,Diptera,PRJNA208958,SAMN02206474,SRR908278
GAJS00000000.1,168631,Chilo suppressalis,268499,Crambidae,7088,Lepidoptera,PRJNA183730,SAMN01180348,SRR651040
GAJX00000000.1,1295332,Clavigralla tomentosicollis,186376,Coreidae,7524,Hemiptera,PRJNA192261,SAMN01939140,SRR768524
GAJW00000000.1,307492,Aphis craccivora,27482,Aphididae,7524,Hemiptera,PRJNA192260,SAMN01939139,SRR768515
GAJV00000000.1,1291514,Anoplocnemis curvipes,186376,Coreidae,7524,Hemiptera,PRJNA192258,SAMN01939138,SRR768514
GAFE00000000.1,74873,Anopheles sinensis,7157,Culicidae,7147,Diptera,PRJNA186896,SAMN01892542,SRR651045
GAKJ00000000.1,263140,Sitodiplosis mosellana,33406,Cecidomyiidae,7147,Diptera,PRJNA192921,SAMN01906326,SRR787284
GAJY00000000.1,1295333,Megalurothrips sjostedti,45053,Thripidae,30262,Thysanoptera,PRJNA192262,SAMN01939141,SRR768525
GAGH00000000.1,185587,Osmia cornuta,124286,Megachilidae,7399,Hymenoptera,PRJNA185987,SAMN01906577,"SRR653282,SRR653284,SRR653285,SRR653290,SRR653291,SRR653296,SRR653297,SRR653298"
GABX00000000.1,77166,Dendroctonus ponderosae,7042,Curculionidae,7041,Coleoptera,PRJNA178770,SAMN00847512,"SRR449538,SRR449539,SRR449540"
GDHF00000000.1,174628,Bactrocera latifrons,7211,Tephritidae,7147,Diptera,PRJNA281765,"SAMN03566187,SAMN03566188,SAMN03566189,SAMN03566190,SAMN03566191","SRR1993646,SRR1993647,SRR1993648,SRR1993650,SRR1993651"
GDHQ00000000.1,91422,Polistes metricus,7438,Vespidae,7399,Hymenoptera,PRJNA287152,"SAMN03776881,SAMN03776882,SAMN03776883,SAMN03776884,SAMN03776885,SAMN03776886,SAMN03776887,SAMN03776888,SAMN03776889,SAMN03776890,SAMN03776891,SAMN03776892,SAMN03776893,SAMN03776894,SAMN03776895,SAMN03776896","SRR2064689,SRR2064692,SRR2064693,SRR2064695,SRR2064698,SRR2064700,SRR2064701,SRR2064702,SRR2064704,SRR2064705,SRR2064706,SRR2064707,SRR2064708,SRR2064709,SRR2064710,SRR2064711"
GCVX00000000.1,65032,Epiphyas postvittana,7139,Tortricidae,7088,Lepidoptera,PRJNA236624,"SAMN02602875,SAMN02602876","SRR1151123,SRR1151338"
GBUI00000000.1,80249,Phaedon cochleariae,27439,Chrysomelidae,7041,Coleoptera,PRJNA210148,SAMN02351150,SRR974944
GDFS00000000.1,30207,Polistes fuscatus,7438,Vespidae,7399,Hymenoptera,PRJNA287145,"SAMN03776850,SAMN03776851,SAMN03776852,SAMN03776853,SAMN03776854,SAMN03776855,SAMN03776856,SAMN03776857,SAMN03776858,SAMN03776859,SAMN03776860,SAMN03776861,SAMN03776862,SAMN03776863,SAMN03776864,SAMN03776865,SAMN03776866","SRR2064568,SRR2064574,SRR2064585,SRR2064621,SRR2064629,SRR2064630,SRR2064632,SRR2064634,SRR2064640,SRR2064641,SRR2064642,SRR2064643,SRR2064644,SRR2064645,SRR2064646,SRR2064647,SRR2064648"
GBVY00000000.1,30069,Anopheles stephensi,7157,Culicidae,7147,Diptera,PRJNA253267,"SAMN02869673,SAMN02869674,SAMN02869675,SAMN02869676","SRR1447827,SRR1448245,SRR1448248,SRR1462338"
GDGN00000000.1,680683,Amyelois transitella,7135,Pyralidae,7088,Lepidoptera,PRJNA259890,SAMN03013884,SRR1564143
GDCO00000000.1,286706,Halyomorpha halys,160513,Pentatomidae,7524,Hemiptera,PRJNA242849,"SAMN02709492,SAMN02709493,SAMN02709494,SAMN02709495","SRR1206311,SRR1207181,SRR1207182,SRR1207183"
GDCN00000000.1,13123,Lymantria dispar,27548,Lymantriidae,7088,Lepidoptera,PRJNA175734,"SAMN01914919,SAMN01915321,SAMN01915322","SRR687259,SRR687382,SRR687395"
GDDM00000000.1,13123,Lymantria dispar,27548,Lymantriidae,7088,Lepidoptera,PRJNA80181,SAMN00749815,SRR360687
GDAW00000000.1,50650,Lygus lineolaris,30083,Miridae,7524,Hemiptera,PRJNA280549,SAMN03464333,"SRR1956749,SRR1956751,SRR1956752"
GBEY00000000.1,104690,Bactrocera minax,7211,Tephritidae,7147,Diptera,PRJNA246133,SAMN02743534,SRR1272962
GBEB00000000.1,7425,Nasonia vitripennis,7423,Pteromalidae,7399,Hymenoptera,PRJNA240970,SAMN02687583,"SRR1262366,SRR1262367,SRR1262368,SRR1262369,SRR1262370,SRR1262371,SRR1262372,SRR1262374,SRR1262375,SRR1262376,SRR1262378,SRR1262379"
GBAS00000000.1,1107848,Telchin licus,160827,Castniidae,7088,Lepidoptera,PRJNA241452,SAMN02689937,SRR1204999
GBEC00000000.1,7426,Nasonia giraulti,7423,Pteromalidae,7399,Hymenoptera,PRJNA241010,SAMN02687895,"SRR1264518,SRR1264519,SRR1264521,SRR1264522,SRR1264523,SRR1264524,SRR1264525,SRR1264526,SRR1264527,SRR1264529,SRR1264530,SRR1264531"
GBXI00000000.1,28588,Zeugodacus cucurbitae,7211,Tephritidae,7147,Diptera,PRJNA259566,"SAMN03010448,SAMN03010449,SAMN03010450,SAMN03010451","SRR1560626,SRR1560627,SRR1560630,SRR1560631"
GBZL00000000.1,37776,Actias selene,7117,Saturniidae,7088,Lepidoptera,PRJNA269319,SAMN03252614,SRR1693782
GBZD00000000.1,63990,Samia ricini,7117,Saturniidae,7088,Lepidoptera,PRJNA269319,SAMN03252613,SRR1693785
GBZC00000000.1,91021,Antheraea assama,7117,Saturniidae,7088,Lepidoptera,PRJNA269319,SAMN03252612,SRR1693779
GBZJ00000000.1,7121,Antheraea yamamai,7117,Saturniidae,7088,Lepidoptera,PRJNA269319,SAMN03252611,SRR1693783
GBZF00000000.1,7119,Antheraea pernyi,7117,Saturniidae,7088,Lepidoptera,PRJNA269319,SAMN03252610,SRR1693780
GBZE00000000.1,1579501,Rhodinia newara,7117,Saturniidae,7088,Lepidoptera,PRJNA269319,SAMN03252615,SRR1693784
GCKB00000000.1,116153,Aethina tumida,116151,Nitidulidae,7041,Coleoptera,PRJNA256171,SAMN02940944,SRR1798556
GAUC00000000.1,7038,Bemisia tabaci,7036,Aleyrodidae,7524,Hemiptera,PRJNA237273,SAMN02617556,SRR1159208
GBAC00000000.1,51655,Plutella xylostella,51653,Plutellidae,7088,Lepidoptera,PRJNA241391,SAMN02689684,SRR1197748
GBJX00000000.1,357502,Adelges tsugae,33383,Adelgidae,7524,Hemiptera,PRJNA242203,SAMN02691708,SRR1198669
GBYY00000000.1,208016,Thaumetopoea pityocampa,37571,Notodontidae,7088,Lepidoptera,PRJNA232643,SAMN02776975,SRR1284701
GBYZ00000000.1,208016,Thaumetopoea pityocampa,37571,Notodontidae,7088,Lepidoptera,PRJNA232643,SAMN02593742,SRR1164907
GBGV00000000.1,91422,Polistes metricus,7438,Vespidae,7399,Hymenoptera,PRJNA242774,"SAMN02712421,SAMN02712422,SAMN02712423,SAMN02712424,SAMN02712425,SAMN02712426,SAMN02712427,SAMN02712428,SAMN02712429,SAMN02712430,SAMN02712431,SAMN02712432,SAMN02712433,SAMN02712434,SAMN02712435,SAMN02712436","SRR1217438,SRR1217593,SRR1217626,SRR1217672,SRR1217673,SRR1217684,SRR1217709,SRR1217710,SRR1217711,SRR1217712,SRR1217713,SRR1217714,SRR1217715,SRR1217716,SRR1217717,SRR1217718"
GARK00000000.1,7064,Popillia japonica,7055,Scarabaeidae,7041,Coleoptera,PRJNA198730,SAMN02055564,SRR1099675
GCGJ00000000.1,229990,Locusta migratoria manilensis,7002,Acrididae,6993,Orthoptera,PRJNA273436,SAMN03292180,
GBBI00000000.1,30076,Triatoma infestans,27479,Reduviidae,7524,Hemiptera,PRJNA238208,"SAMN02641822,SAMN02641823,SAMN02641824,SAMN02641852,SAMN02641853,SAMN02641854,SAMN02641855,SAMN02641856,SAMN02641857,SAMN02641858","SRR1168882,SRR1168885,SRR1168888,SRR1168889,SRR1168890,SRR1168891,SRR1168892,SRR1168893,SRR1168894,SRR1168938"
GBHN00000000.1,561076,Colaphellus bowringi,27439,Chrysomelidae,7041,Coleoptera,PRJNA209790,SAMN02221894,SRR925368
GBYB00000000.1,64838,Fopius arisanus,7402,Braconidae,7399,Hymenoptera,PRJNA259570,"SAMN03010495,SAMN03010496,SAMN03010497,SAMN03010498","SRR1560649,SRR1560650,SRR1560651,SRR1560653"
GASM00000000.1,219812,Tetramorium bicarinatum,36668,Formicidae,7399,Hymenoptera,PRJNA233988,SAMN02584778,SRR1106145
GARJ00000000.1,7064,Popillia japonica,7055,Scarabaeidae,7041,Coleoptera,PRJNA233626,SAMN02569976,SRR1099718
GAKB00000000.1,104688,Bactrocera oleae,7211,Tephritidae,7147,Diptera,PRJNA195424,SAMN01994481,"SRR799687,SRR799688"
GBRD00000000.1,30085,Lygus hesperus,30083,Miridae,7524,Hemiptera,PRJNA210219,"SAMN02222160,SAMN02222161,SAMN02222162,SAMN02222163","SRR925992,SRR925993,SRR925994,SRR925995"
GARQ00000000.1,7038,Bemisia tabaci,7036,Aleyrodidae,7524,Hemiptera,PRJNA232955,SAMN02567293,SRR1104130
GBHO00000000.1,30085,Lygus hesperus,30083,Miridae,7524,Hemiptera,PRJNA238835,"SAMN02679940,SAMN02679941,SAMN02679942,SAMN02679943,SAMN02679944,SAMN02679945,SAMN02679946,SAMN02679947,SAMN02679948","SRR1186295,SRR1186315,SRR1186516,SRR1186658,SRR1186749,SRR1186752,SRR1186787,SRR1186788,SRR1186789"
GARN00000000.1,7370,Musca domestica,7366,Muscidae,7147,Diptera,PRJNA227268,SAMN02401116,SRR1105786
GAKP00000000.1,27457,Bactrocera dorsalis,7211,Tephritidae,7147,Diptera,PRJNA167923,SAMN01991043,"SRR818493,SRR818494,SRR818495,SRR818496,SRR818497,SRR818498"
GAMC00000000.1,7213,Ceratitis capitata,7211,Tephritidae,7147,Diptera,PRJNA208956,"SAMN02208095,SAMN02208096,SAMN02208097,SAMN02208098,SAMN02208099,SAMN02208100,SAMN02208101,SAMN02208102,SAMN02208103,SAMN02208104,SAMN02208105,SAMN02208106,SAMN02208107,SAMN02208108,SAMN02208109,SAMN02208110,SAMN02208111,SAMN02208112","SRR915830,SRR915831,SRR915832,SRR915833,SRR915835,SRR915836,SRR915834,SRR915837,SRR915838,SRR915839,SRR915840,SRR915844,SRR915845,SRR915846,SRR915848,SRR915850,SRR915851,SRR915852"
GATX00000000.1,1499517,Annulipalpia sp. AD-2013,,,30263,Trichoptera,PRJNA219539,SAMN02047195,SRR921580
GBKU00000000.1,7111,Trichoplusia ni,7100,Noctuidae,7088,Lepidoptera,PRJNA260558,SAMN03024153,"SRR544891,SRR544892,SRR544893,SRR544894,SRR544895,SRR544896,SRR544897,SRR544898,SRR544899,SRR544900,SRR544901,SRR544902,SRR544903,SRR544904,SRR544905,SRR544906,SRR544907,SRR544908,SRR544909,SRR544910,SRR544911,SRR544912,SRR544913,SRR544914,SRR544915,SRR544916,SRR544917,SRR544918,SRR544919,SRR544920,SRR544921"
GBTA00000000.1,52344,Helicoverpa assulta,7100,Noctuidae,7088,Lepidoptera,PRJNA263973,"SAMN03108767,SAMN03108769,SAMN03108773,SAMN03108774","SRR1613312,SRR1613313,SRR1613314,SRR1613315"
GBTE00000000.1,7166,Anopheles quadrimaculatus,7157,Culicidae,7147,Diptera,PRJNA264292,"SAMN02384897,SAMN02384898,SAMN02384899,SAMN02384900,SAMN02384901,SAMN02384902,SAMN02384903,SAMN02384904,SAMN02384905","SRR1047265,SRR1047266,SRR1047267,SRR1047268,SRR1047269,SRR1047270,SRR1047271,SRR1047272,SRR1047273,SRR1047274,SRR1047275,SRR1047276,SRR1047277,SRR1047278,SRR1047279,SRR1047280,SRR1047281,SRR1047282,SRR1047283,SRR1047284,SRR1047285,SRR1047286,SRR1047287,SRR1047288,SRR1047289,SRR1047290,SRR1047291,SRR1047292,SRR1047293,SRR1047294,SRR1047295,SRR1047296,SRR1047297,SRR1047298,SRR1047299,SRR1047300,SRR1047301,SRR1047302,SRR1047303,SRR1047304,SRR1047305,SRR1047306,SRR1047313,SRR1047322,SRR1047323,SRR1047324,SRR1047325,SRR1047326,SRR1047327,SRR1047328,SRR1047329,SRR1047330,SRR1047331,SRR1047332"
GBHB00000000.1,672150,Teleogryllus commodus,6995,Gryllidae,6993,Orthoptera,PRJNA252786,"SAMN02863001,SAMN02863002,SAMN02863003,SAMN02863004,SAMN02863005,SAMN02863006,SAMN02863007,SAMN02863008,SAMN02863009,SAMN02863010,SAMN02863011,SAMN02863012,SAMN02863013,SAMN02863014,SAMN02863015,SAMN02863016,SAMN02863017,SAMN02863018,SAMN02863019,SAMN02863020,SAMN02863021,SAMN02863022,SAMN02863023,SAMN02863024","SRR1424310,SRR1424311,SRR1424312,SRR1424313,SRR1424314,SRR1424315,SRR1424316,SRR1424318,SRR1424438,SRR1424439,SRR1424440,SRR1424462,SRR1424463,SRR1424464,SRR1424465,SRR1424466,SRR1424507,SRR1424511,SRR1424552,SRR1424554,SRR1424556,SRR1424558,SRR1424560,SRR1424561"
GBIT00000000.1,104690,Bactrocera minax,7211,Tephritidae,7147,Diptera,PRJNA244614,SAMN02727808,SRR1238396
GBJR00000000.1,7091,Bombyx mori,7089,Bombycidae,7088,Lepidoptera,PRJNA257362,SAMN02950950,SRR1535663
GBID00000000.1,6973,Blattella germanica,1049651,Ectobiidae,85823,Blattodea,PRJNA248247,"SAMN02796058,SAMN02796059","SRR1296678,SRR1296679"
GBDM00000000.1,29058,Helicoverpa armigera,7100,Noctuidae,7088,Lepidoptera,PRJNA244590,"SAMN02727541,SAMN02727571,SAMN02727611,SAMN02727612,SAMN02727613,SAMN02727614,SAMN02727615,SAMN02727616,SAMN02727617,SAMN02727618","SRR1238087,SRR1238089,SRR1238090,SRR1239328,SRR1239329,SRR1239330,SRR1239331,SRR1239333,SRR1239334,SRR1239335"
GBRL00000000.1,263140,Sitodiplosis mosellana,33406,Cecidomyiidae,7147,Diptera,PRJNA192921,SAMN01974500,SRR787284
GBHT00000000.1,286706,Halyomorpha halys,160513,Pentatomidae,7524,Hemiptera,PRJNA248431,"SAMN02821154,SAMN02821155","SRR1301984,SRR1301985"
GANM00000000.1,108931,Nilaparvata lugens,33362,Delphacidae,7524,Hemiptera,PRJNA214044,,"SRR849486,SRR849487,SRR849489,SRR849492"
GBEO00000000.1,74873,Anopheles sinensis,7157,Culicidae,7147,Diptera,PRJNA196809,SAMN02044400,SRR851144
GBCX00000000.1,1169899,Dastarcus helophoroides,196993,Bothrideridae,7041,Coleoptera,PRJNA242452,SAMN02689686,SRR1197680
GAOM00000000.1,13131,Macrosiphum euphorbiae,27482,Aphididae,7524,Hemiptera,PRJNA216124,SAMN02317144,"SRR956606,SRR965344,SRR965345,SRR965347,SRR965348"
GARF00000000.1,154003,Chrysomela populi,27439,Chrysomelidae,7041,Coleoptera,PRJNA212154,,SRR1014805
GAPU00000000.1,80249,Phaedon cochleariae,27439,Chrysomelidae,7041,Coleoptera,PRJNA210148,SAMN02351150,SRR974944
GBDY00000000.1,473130,Kerria lacca,249430,Kerriidae,7524,Hemiptera,PRJNA239395,SAMN02665303,SRR1176880
GBDP00000000.1,473130,Kerria lacca,249430,Kerriidae,7524,Hemiptera,PRJNA239151,SAMN02649608,SRR1174805
GBDO00000000.1,473130,Kerria lacca,249430,Kerriidae,7524,Hemiptera,PRJNA233434,SAMN02568965,SRR1104126
GBGG00000000.1,292399,Themira biloba,137503,Sepsidae,7147,Diptera,PRJNA218740,"SAMN02352649,SAMN02688917,SAMN02795968","SRR1292904,SRR1292905,SRR1292906"
GARL00000000.1,7107,Spodoptera exigua,7100,Noctuidae,7088,Lepidoptera,PRJNA219058,SAMN02442445,"SRR1050532,SRR1050533,SRR1050534"
GAWM00000000.1,179676,Culicoides sonorensis,41819,Ceratopogonidae,7147,Diptera,PRJNA238338,"SAMN02646749,SAMN02646750,SAMN02646751,SAMN02646752,SAMN02646753,SAMN02646754,SAMN02646755,SAMN02646756,SAMN02646757,SAMN02646758","SRR1174028,SRR1174029,SRR1174030,SRR1174031,SRR1174032,SRR1174033,SRR1174034,SRR1174035,SRR1174036,SRR1174038"
GAPP00000000.1,7038,Bemisia tabaci,7036,Aleyrodidae,7524,Hemiptera,PRJNA50499,SAMN02086094,SRR835757
GAPQ00000000.1,7038,Bemisia tabaci,7036,Aleyrodidae,7524,Hemiptera,PRJNA50499,SAMN02086095,SRR835756
GALP00000000.1,7229,Drosophila miranda,7214,Drosophilidae,7147,Diptera,PRJNA208862,,"SRR364804,SRR364801,SRR364800,SRR364803,SRR364802,SRR364798,SRR364799"
GBCU00000000.1,37627,Aphidius ervi,7402,Braconidae,7399,Hymenoptera,PRJNA235942,"SAMN02592762,SAMN02592763",
GBBQ00000000.1,139651,Teleopsis whitei,139644,Diopsidae,7147,Diptera,PRJNA241109,SAMN02688130,SRR1188177
GAXD00000000.1,133901,Frankliniella occidentalis,45053,Thripidae,30262,Thysanoptera,PRJNA234733,SAMN02602863,"SRR1151394,SRR1153456,SRR1153458,SRR1153459,SRR1153460,SRR1153461,SRR1153462,SRR1153463,SRR1153464,SRR1153465,SRR1153466,SRR1153467"
GBBP00000000.1,139649,Teleopsis dalmanni,139644,Diopsidae,7147,Diptera,PRJNA240197,"SAMN02672503,SAMN02673369,SAMN02673370,SAMN02673371,SAMN02673372,SAMN02673373,SAMN02673374,SAMN02673377,SAMN02673378,SAMN02673379,SAMN02673380,SAMN02673381","SRR1183597,SRR1183608,SRR1184092,SRR1184095,SRR1184533,SRR1184534,SRR1184535,SRR1184536,SRR1184537,SRR1184541,SRR1184542,SRR1184544,SRR1184545,SRR1184546,SRR1184553,SRR1184554"
GAWY00000000.1,1461318,Oropsylla silantiewi,51295,Ceratophyllidae,7509,Siphonaptera,PRJNA237990,SAMN02640258,SRR1167989
GBAB00000000.1,7370,Musca domestica,7366,Muscidae,7147,Diptera,PRJNA227793,SAMN02427181,SRR1045112
GAWI00000000.1,265456,Delia antiqua,30062,Anthomyiidae,7147,Diptera,PRJNA208983,SAMN02208942,SRR916227
GAVD00000000.1,29057,Ostrinia nubilalis,268499,Crambidae,7088,Lepidoptera,PRJNA232037,"SAMN02464013,SAMN02464014,SAMN02464015,SAMN02464016,SAMN02464017,SAMN02464018,SAMN02464019,SAMN02464020,SAMN02464021,SAMN02464022,SAMN02464023,SAMN02464024,SAMN02464115,SAMN02464116,SAMN02464117,SAMN02464118,SAMN02464119,SAMN02464120,SAMN02464121,SAMN02464122,SAMN02464123,SAMN02464124,SAMN02464125,SAMN02464126,SAMN02464127","SRR1055448,SRR1055449,SRR1055450,SRR1055499,SRR1055517,SRR1055518,SRR1055519,SRR1055520,SRR1055521,SRR1055522,SRR1055523,SRR1055524,SRR1055525"
GAQX00000000.1,30127,Graminella nigrifrons,30102,Cicadellidae,7524,Hemiptera,PRJNA200322,SAMN02058509,SRR857271
GAAP00000000.1,27457,Bactrocera dorsalis,7211,Tephritidae,7147,Diptera,PRJNA175481,,SRR526902
GAZV00000000.1,7460,Apis mellifera,7458,Apidae,7399,Hymenoptera,PRJNA238833,SAMN02671243,"SRR1182310,SRR1182312,SRR1182313"
GAXT00000000.1,1317732,Crioscolia alcione,7435,Scoliidae,7399,Hymenoptera,PRJNA195615,SAMN02009276,SRR823420
GAXS00000000.1,1317727,Pepsis grossa,27515,Pompilidae,7399,Hymenoptera,PRJNA195615,SAMN02009274,SRR823416
GAXR00000000.1,602440,Stigmatomma oregonense,36668,Formicidae,7399,Hymenoptera,PRJNA195615,SAMN02009273,SRR823418
GAXQ00000000.1,1317726,Pseudomasaris vespoides,7438,Vespidae,7399,Hymenoptera,PRJNA195615,SAMN02009272,SRR823417
GAXP00000000.1,374941,Sphaeropthalma orestes,50626,Mutillidae,7399,Hymenoptera,PRJNA195615,SAMN02009277,SRR823431
GAZU00000000.1,1317728,Brachycistis timberlakei,92421,Tiphiidae,7399,Hymenoptera,PRJNA195615,SAMN02009275,SRR823432
GAXO00000000.1,1317734,Argochrysis armilla,27511,Chrysididae,7399,Hymenoptera,PRJNA195615,SAMN02009278,SRR823432
GAXN00000000.1,253855,Sceliphron caementarium,7485,Sphecidae,7399,Hymenoptera,PRJNA195615,SAMN01995841,SRR807360
GAXM00000000.1,231975,Mischocyttarus flavitarsis,7438,Vespidae,7399,Hymenoptera,PRJNA195615,SAMN01995840,SRR807358
GAXL00000000.1,292179,Chyphotes mellipes,237715,Bradynobaenidae,7399,Hymenoptera,PRJNA195615,SAMN01995839,SRR807358
GANS00000000.1,609295,Dinoponera quadriceps,36668,Formicidae,7399,Hymenoptera,PRJNA217939,SAMN02343703,SRR972642
GAQW00000000.1,476074,Onthophagus nigriventris,7055,Scarabaeidae,7041,Coleoptera,PRJNA231725,"SAMN02444020,SAMN02444021,SAMN02444022,SAMN02444023","SRR1049522,SRR1049767,SRR1049768,SRR1049789"
GAQV00000000.1,273928,Trypoxylus dichotomus,7055,Scarabaeidae,7041,Coleoptera,PRJNA231720,"SAMN02444008,SAMN02444009,SAMN02444010,SAMN02444011,SAMN02444012,SAMN02444013,SAMN02444014,SAMN02444015,SAMN02444016,SAMN02444017,SAMN02444018,SAMN02444019","SRR1049790,SRR1049791,SRR1049792,SRR1049793,SRR1049794,SRR1049795,SRR1049815,SRR1049816,SRR1049817,SRR1049818,SRR1049819,SRR1049820,SRR1049821"
GARD00000000.1,1223490,Athetis lepigone,7100,Noctuidae,7088,Lepidoptera,PRJNA193566,SAMN01985099,SRR796575
GARG00000000.1,1223490,Athetis lepigone,7100,Noctuidae,7088,Lepidoptera,PRJNA193566,SAMN01985098,SRR796574
GARC00000000.1,1223490,Athetis lepigone,7100,Noctuidae,7088,Lepidoptera,PRJNA193566,SAMN01985100,SRR796576
GARB00000000.1,1223490,Athetis lepigone,7100,Noctuidae,7088,Lepidoptera,PRJNA193566,SAMN01985097,SRR796573
GAQJ00000000.1,93504,Ostrinia furnacalis,268499,Crambidae,7088,Lepidoptera,PRJNA228958,"SAMN02404638,SAMN02404617","SRR1032038,SRR1032037"
GANO00000000.1,1370023,Corethrella appendiculata,41811,Chaoboridae,7147,Diptera,PRJNA213247,SAMN02263985,SRR951913
GADL00000000.1,252295,Carposina sasakii,252293,Carposinidae,7088,Lepidoptera,PRJNA182707,,SRR633610
GADK00000000.1,192188,Grapholita molesta,7139,Tortricidae,7088,Lepidoptera,PRJNA182706,,SRR630960
GADJ00000000.1,934274,Grapholita dimorpha,7139,Tortricidae,7088,Lepidoptera,PRJNA182494,,SRR630958
GADM00000000.1,195057,Drosophila malerkotliana malerkotliana,7214,Drosophilidae,7147,Diptera,PRJNA172931,,SRR544887
GADP00000000.1,42063,Drosophila ercepeae,7214,Drosophilidae,7147,Diptera,PRJNA172931,,SRR544884
GADQ00000000.1,296644,Drosophila malerkotliana pallens,7214,Drosophilidae,7147,Diptera,PRJNA172931,,SRR544886
GADS00000000.1,300357,Drosophila merina,7214,Drosophilidae,7147,Diptera,PRJNA172931,,SRR544885
GAEJ00000000.1,65965,Drosophila pseudoananassae pseudoananassae,7214,Drosophilidae,7147,Diptera,PRJNA172931,,SRR544888
GADR00000000.1,296643,Drosophila pseudoananassae nigrens,7214,Drosophilidae,7147,Diptera,PRJNA172931,,SRR544889
GAAF00000000.1,13131,Macrosiphum euphorbiae,27482,Aphididae,7524,Hemiptera,PRJNA173897,,SRR547988
GABY00000000.1,7044,Anthonomus grandis,7042,Curculionidae,7041,Coleoptera,PRJNA177772,SAMN01797896,SRR610743
GAOR00000000.1,7107,Spodoptera exigua,7100,Noctuidae,7088,Lepidoptera,PRJNA219058,,SRR413990
GALX00000000.1,217634,Anoplophora glabripennis,34667,Cerambycidae,7041,Coleoptera,PRJNA196436,"SAMN02028621,SAMN02028622","SRR827491,SRR827514"
GAOQ00000000.1,7107,Spodoptera exigua,7100,Noctuidae,7088,Lepidoptera,PRJNA219058,,SRR413990
GAOP00000000.1,38123,Pachypsylla venusta,1566705,Aphalaridae,7524,Hemiptera,PRJNA217831,"SAMN02342538,SAMN02342539,SAMN02342541,SAMN02342542,SAMN02342540,SAMN02342543","SRR961881,SRR961992,SRR961994,SRR961995,SRR961996,SRR961997"
GANH00000000.1,69319,Microplitis demolitor,7402,Braconidae,7399,Hymenoptera,PRJNA214515,,"SRR955015,SRR955076,SRR955374,SRR955397"
GAFU00000000.1,7107,Spodoptera exigua,7100,Noctuidae,7088,Lepidoptera,PRJNA188757,,SRR525279
GAGF00000000.1,417485,Chrysopa pallens,7520,Chrysopidae,7516,Neuroptera,PRJNA186574,,SRR653211
GAIW00000000.1,1295013,Ganaspis sp. G1,44353,Figitidae,7399,Hymenoptera,PRJNA189658,SAMN01923004,SRR805628
GAIX00000000.1,116150,Pararge aegeria,33415,Nymphalidae,7088,Lepidoptera,PRJNA192659,,"SRR771147,SRR772253"
GAJC00000000.1,63436,Leptopilina heterotoma,44353,Figitidae,7399,Hymenoptera,PRJNA202370,,SRR559224
GAJA00000000.1,63433,Leptopilina boulardi,44353,Figitidae,7399,Hymenoptera,PRJNA202369,,SRR559222
GAHQ00000000.1,99575,Ostrinia scapulalis,268499,Crambidae,7088,Lepidoptera,PRJNA192419,,SRR768810
GACR00000000.1,55986,Ips typographus,7042,Curculionidae,7041,Coleoptera,PRJNA178930,,"ERR169822,ERR169829"
GAHN00000000.1,7274,Drosophila serrata,7214,Drosophilidae,7147,Diptera,PRJNA193659,,"SRR796577,SRR796578"
GAHP00000000.1,29057,Ostrinia nubilalis,268499,Crambidae,7088,Lepidoptera,PRJNA190899,,SRR768270
GAEQ00000000.1,79478,Enallagma hageni,70895,Coenagrionidae,6961,Odonata,PRJNA185185,SAMN01881995,SRR649536
GAFX00000000.1,77166,Dendroctonus ponderosae,7042,Curculionidae,7041,Coleoptera,PRJNA189795,,"SRR449538,SRR449539,SRR449540,SRR449542,SRR449543,SRR449544,SRR449545,SRR449546,SRR449547"
GAFW00000000.1,77166,Dendroctonus ponderosae,7042,Curculionidae,7041,Coleoptera,PRJNA189792,,
GAFI00000000.1,77161,Dendroctonus frontalis,7042,Curculionidae,7041,Coleoptera,PRJNA187208,,"SRR090531,SRR090532,SRR090533,SRR090534,SRR090535"
GAEO00000000.1,49927,Pissodes strobi,7042,Curculionidae,7041,Coleoptera,PRJNA186387,,
GAFR00000000.1,91411,Polistes canadensis,7438,Vespidae,7399,Hymenoptera,PRJNA188273,,ERR105080
GAAK00000000.1,315563,Belgica antarctica,7149,Chironomidae,7147,Diptera,PRJNA174315,,"SRR566981,SRR567164,SRR567165,SRR567166,SRR567167,SRR567169,SRR567170,SRR567171,SRR567289"
GAAB00000000.1,224129,Agrilus planipennis,50527,Buprestidae,7041,Coleoptera,PRJNA173782,,SRR547508
GABA00000000.1,1226248,Zorotypus gurneyi,178298,Zorotypidae,30265,Zoraptera,PRJNA172455,SAMN01737292,SRR578780
GAAX00000000.1,13068,Forficula auricularia,27437,Forficulidae,27434,Dermaptera,PRJNA172453,SAMN01737291,SRR578778
GAAV00000000.1,143722,Nemurella pictetii,62802,Nemouridae,50622,Plecoptera,PRJNA172454,SAMN01737290,SRR578779
GACJ00000000.1,121845,Diaphorina citri,1585420,Liviidae,7524,Hemiptera,PRJNA176468,SAMN01773420,"SRR602249,SRR610529,SRR610530"
GABS00000000.1,7370,Musca domestica,7366,Muscidae,7147,Diptera,PRJNA178154,,
GAAU00000000.1,56364,Agrotis ipsilon,7100,Noctuidae,7088,Lepidoptera,PRJNA175739,,SRR576102
