Run,AGE,Assay Type,AvgSpotLen,Bases,Biomaterial_provider,BioProject,BioSample,BioSampleModel,bloodfeeding_state,Bytes,Center Name,collection_date,Consent,DATASTORE filetype,DATASTORE provider,DATASTORE region,dev_stage,Experiment,Instrument,Library Name,LibraryLayout,LibrarySelection,LibrarySource,mating_state,Organism,Platform,ReleaseDate,Replicate,Sample Name,SAMPLE_TYPE,sex,SRA Study,STRAIN,tissue,treatment
SRR1166463,10-16 days,RNA-Seq,101,12695054206,MR4 stock # MRA-735,PRJNA236239,SAMN02628834,Model organism or animal,not bloodfed,8761087391,ROCKEFELLER UNIVERSITY,2011-10,public,"fastq,sra","gs,ncbi,s3","gs.US,ncbi.public,s3.us-east-1",adult,SRX468789,Illumina HiSeq 2000,Fe_Br_SF_5,SINGLE,PolyA,TRANSCRIPTOMIC,mated,Aedes aegypti,ILLUMINA,2014-02-13T00:00:00Z,5,Fe_Br_SF_5,dissected tissue,female,SRP037535,LVPIB12,brains,not bloodfed
SRR1166466,10-16 days,RNA-Seq,101,5787003868,MR4 stock # MRA-735,PRJNA236239,SAMN02628837,Model organism or animal,not bloodfed,4073710379,ROCKEFELLER UNIVERSITY,2011-10,public,"fastq,sra","gs,ncbi,s3","gs.US,ncbi.public,s3.us-east-1",adult,SRX468792,Illumina HiSeq 2000,Fe_Br_SF_8,SINGLE,PolyA,TRANSCRIPTOMIC,mated,Aedes aegypti,ILLUMINA,2014-02-13T00:00:00Z,8,Fe_Br_SF_8,dissected tissue,female,SRP037535,LVPIB12,brains,not bloodfed
SRR1166469,10-16 days,RNA-Seq,101,8848756854,MR4 stock # MRA-735,PRJNA236239,SAMN02628849,Model organism or animal,not bloodfed,5625631680,ROCKEFELLER UNIVERSITY,2011-12,public,"fastq,sra","gs,ncbi,s3","gs.US,ncbi.public,s3.us-east-1",adult,SRX468795,Illumina HiSeq 2000,Fe_Rs_SF_3,SINGLE,PolyA,TRANSCRIPTOMIC,mated,Aedes aegypti,ILLUMINA,2014-02-13T00:00:00Z,3,Fe_Rs_SF_3,dissected tissue,female,SRP037535,LVPIB12,rostrums,not bloodfed
SRR1166470,10-16 days,RNA-Seq,101,4993704418,MR4 stock # MRA-735,PRJNA236239,SAMN02628850,Model organism or animal,not bloodfed,3290160620,ROCKEFELLER UNIVERSITY,2012-07,public,"fastq,sra","gs,ncbi,s3","gs.US,ncbi.public,s3.us-east-1",adult,SRX468796,Illumina HiSeq 2000,Fe_At_SF_1,SINGLE,PolyA,TRANSCRIPTOMIC,mated,Aedes aegypti,ILLUMINA,2014-02-13T00:00:00Z,1,Fe_At_SF_1,dissected tissue,female,SRP037535,LVPIB12,abdominal tips,not bloodfed
SRR1166471,10-16 days,RNA-Seq,101,7709372218,MR4 stock # MRA-735,PRJNA236239,SAMN02628851,Model organism or animal,not bloodfed,5126093986,ROCKEFELLER UNIVERSITY,2012-07,public,"fastq,sra","gs,ncbi,s3","gs.US,ncbi.public,s3.us-east-1",adult,SRX468797,Illumina HiSeq 2000,Fe_At_SF_2,SINGLE,PolyA,TRANSCRIPTOMIC,mated,Aedes aegypti,ILLUMINA,2014-02-13T00:00:00Z,2,Fe_At_SF_2,dissected tissue,female,SRP037535,LVPIB12,abdominal tips,not bloodfed
SRR1166472,10-16 days,RNA-Seq,101,5448495197,MR4 stock # MRA-735,PRJNA236239,SAMN02628852,Model organism or animal,not bloodfed,3629726652,ROCKEFELLER UNIVERSITY,2012-07,public,"fastq,sra","gs,ncbi,s3","gs.US,ncbi.public,s3.us-east-1",adult,SRX468798,Illumina HiSeq 2000,Fe_At_SF_3,SINGLE,PolyA,TRANSCRIPTOMIC,mated,Aedes aegypti,ILLUMINA,2014-02-13T00:00:00Z,3,Fe_At_SF_3,dissected tissue,female,SRP037535,LVPIB12,abdominal tips,not bloodfed
SRR1166474,10-16 days,RNA-Seq,101,9113035979,MR4 stock # MRA-735,PRJNA236239,SAMN02628854,Model organism or animal,not bloodfed,5974778652,ROCKEFELLER UNIVERSITY,2011-12,public,"fastq,sra","gs,ncbi,s3","gs.US,ncbi.public,s3.us-east-1",adult,SRX468800,Illumina HiSeq 2000,Fe_HL_SF_2,SINGLE,PolyA,TRANSCRIPTOMIC,mated,Aedes aegypti,ILLUMINA,2014-02-13T00:00:00Z,2,Fe_HL_SF_2,dissected tissue,female,SRP037535,LVPIB12,hindlegs,not bloodfed
SRR1166476,10-16 days,RNA-Seq,101,8253823121,MR4 stock # MRA-735,PRJNA236239,SAMN02628856,Model organism or animal,not bloodfed,5782483834,ROCKEFELLER UNIVERSITY,2011-12,public,"fastq,sra","gs,ncbi,s3","gs.US,ncbi.public,s3.us-east-1",adult,SRX468802,Illumina HiSeq 2000,Fe_HL_SF_4,SINGLE,PolyA,TRANSCRIPTOMIC,mated,Aedes aegypti,ILLUMINA,2014-02-13T00:00:00Z,4,Fe_HL_SF_4,dissected tissue,female,SRP037535,LVPIB12,hindlegs,not bloodfed
SRR1166479,10-16 days,RNA-Seq,101,4964354020,MR4 stock # MRA-735,PRJNA236239,SAMN02628859,Model organism or animal,not bloodfed,3335577927,ROCKEFELLER UNIVERSITY,2013-01,public,"fastq,sra","gs,ncbi,s3","gs.US,ncbi.public,s3.us-east-1",adult,SRX468805,Illumina HiSeq 2000,Fe_ML_SF_1,SINGLE,PolyA,TRANSCRIPTOMIC,mated,Aedes aegypti,ILLUMINA,2014-02-13T00:00:00Z,1,Fe_ML_SF_1,dissected tissue,female,SRP037535,LVPIB12,midlegs,not bloodfed
SRR1166480,10-16 days,RNA-Seq,101,8484023028,MR4 stock # MRA-735,PRJNA236239,SAMN02628860,Model organism or animal,not bloodfed,5657003429,ROCKEFELLER UNIVERSITY,2013-01,public,"fastq,sra","gs,ncbi,s3","gs.US,ncbi.public,s3.us-east-1",adult,SRX468806,Illumina HiSeq 2000,Fe_ML_SF_2,SINGLE,PolyA,TRANSCRIPTOMIC,mated,Aedes aegypti,ILLUMINA,2014-02-13T00:00:00Z,2,Fe_ML_SF_2,dissected tissue,female,SRP037535,LVPIB12,midlegs,not bloodfed
SRR1166481,10-16 days,RNA-Seq,101,10673864022,MR4 stock # MRA-735,PRJNA236239,SAMN02628861,Model organism or animal,not bloodfed,7110163575,ROCKEFELLER UNIVERSITY,2013-01,public,"fastq,sra","gs,ncbi,s3","gs.US,ncbi.public,s3.us-east-1",adult,SRX468807,Illumina HiSeq 2000,Fe_ML_SF_3,SINGLE,PolyA,TRANSCRIPTOMIC,mated,Aedes aegypti,ILLUMINA,2014-02-13T00:00:00Z,3,Fe_ML_SF_3,dissected tissue,female,SRP037535,LVPIB12,midlegs,not bloodfed
SRR1166483,10-16 days,RNA-Seq,101,10819112627,MR4 stock # MRA-735,PRJNA236239,SAMN02628863,Model organism or animal,not bloodfed,7317341429,ROCKEFELLER UNIVERSITY,2013-01,public,"fastq,sra","gs,ncbi,s3","gs.US,ncbi.public,s3.us-east-1",adult,SRX468809,Illumina HiSeq 2000,Fe_FL_SF_2,SINGLE,PolyA,TRANSCRIPTOMIC,mated,Aedes aegypti,ILLUMINA,2014-02-13T00:00:00Z,2,Fe_FL_SF_2,dissected tissue,female,SRP037535,LVPIB12,forelegs,not bloodfed
SRR1166491,10-16 days,RNA-Seq,101,6751861110,MR4 stock # MRA-735,PRJNA236239,SAMN02628873,Model organism or animal,48h post blood-meal,4470704139,ROCKEFELLER UNIVERSITY,2011-10,public,"fastq,sra","gs,ncbi,s3","gs.US,ncbi.public,s3.us-east-1",adult,SRX468817,Illumina HiSeq 2000,Fe_An_BF_2,SINGLE,PolyA,TRANSCRIPTOMIC,mated,Aedes aegypti,ILLUMINA,2014-02-13T00:00:00Z,2,Fe_An_BF_2,dissected tissue,female,SRP037535,LVPIB12,antennae,48h post blood-meal
SRR1166494,10-16 days,RNA-Seq,101,9800184227,MR4 stock # MRA-735,PRJNA236239,SAMN02628876,Model organism or animal,48h post blood-meal,6437144891,ROCKEFELLER UNIVERSITY,2011-12,public,"fastq,sra","gs,ncbi,s3","gs.US,ncbi.public,s3.us-east-1",adult,SRX468820,Illumina HiSeq 2000,Fe_Rs_BF_1,SINGLE,PolyA,TRANSCRIPTOMIC,mated,Aedes aegypti,ILLUMINA,2014-02-13T00:00:00Z,1,Fe_Rs_BF_1,dissected tissue,female,SRP037535,LVPIB12,rostrums,48h post blood-meal
SRR1166495,10-16 days,RNA-Seq,101,9082765269,MR4 stock # MRA-735,PRJNA236239,SAMN02628877,Model organism or animal,48h post blood-meal,6041227880,ROCKEFELLER UNIVERSITY,2011-12,public,"fastq,sra","gs,ncbi,s3","gs.US,ncbi.public,s3.us-east-1",adult,SRX468821,Illumina HiSeq 2000,Fe_Rs_BF_2,SINGLE,PolyA,TRANSCRIPTOMIC,mated,Aedes aegypti,ILLUMINA,2014-02-13T00:00:00Z,2,Fe_Rs_BF_2,dissected tissue,female,SRP037535,LVPIB12,rostrums,48h post blood-meal
SRR1166496,10-16 days,RNA-Seq,101,10049770781,MR4 stock # MRA-735,PRJNA236239,SAMN02628878,Model organism or animal,48h post blood-meal,6355074799,ROCKEFELLER UNIVERSITY,2011-12,public,"fastq,sra","gs,ncbi,s3","gs.US,ncbi.public,s3.us-east-1",adult,SRX468822,Illumina HiSeq 2000,Fe_Rs_BF_3,SINGLE,PolyA,TRANSCRIPTOMIC,mated,Aedes aegypti,ILLUMINA,2014-02-13T00:00:00Z,3,Fe_Rs_BF_3,dissected tissue,female,SRP037535,LVPIB12,rostrums,48h post blood-meal
SRR1166498,10-16 days,RNA-Seq,101,9510882251,MR4 stock # MRA-735,PRJNA236239,SAMN02628880,Model organism or animal,48h post blood-meal,6621194926,ROCKEFELLER UNIVERSITY,2011-10,public,"fastq,sra","gs,ncbi,s3","gs.US,ncbi.public,s3.us-east-1",adult,SRX468824,Illumina HiSeq 2000,Fe_Br_BF_2,SINGLE,PolyA,TRANSCRIPTOMIC,mated,Aedes aegypti,ILLUMINA,2014-02-13T00:00:00Z,2,Fe_Br_BF_2,dissected tissue,female,SRP037535,LVPIB12,brains,48h post blood-meal
SRR1166500,10-16 days,RNA-Seq,101,7583762861,MR4 stock # MRA-735,PRJNA236239,SAMN02628882,Model organism or animal,48h post blood-meal,5341410945,ROCKEFELLER UNIVERSITY,2011-10,public,"fastq,sra","gs,ncbi,s3","gs.US,ncbi.public,s3.us-east-1",adult,SRX468826,Illumina HiSeq 2000,Fe_Br_BF_4,SINGLE,PolyA,TRANSCRIPTOMIC,mated,Aedes aegypti,ILLUMINA,2014-02-13T00:00:00Z,4,Fe_Br_BF_4,dissected tissue,female,SRP037535,LVPIB12,brains,48h post blood-meal
SRR1167466,10-16 days,RNA-Seq,101,8304180610,MR4 stock # MRA-735,PRJNA236239,SAMN02628884,Model organism or animal,96h post blood-meal,5566100175,ROCKEFELLER UNIVERSITY,2011-11,public,"fastq,sra","gs,ncbi,s3","gs.US,ncbi.public,s3.us-east-1",adult,SRX468828,Illumina HiSeq 2000,Fe_An_O_2,SINGLE,PolyA,TRANSCRIPTOMIC,mated,Aedes aegypti,ILLUMINA,2014-02-13T00:00:00Z,2,Fe_An_O_2,dissected tissue,female,SRP037535,LVPIB12,antennae,96h post blood-meal
SRR1167467,10-16 days,RNA-Seq,101,8754381545,MR4 stock # MRA-735,PRJNA236239,SAMN02628885,Model organism or animal,96h post blood-meal,5701358701,ROCKEFELLER UNIVERSITY,2011-11,public,"fastq,sra","gs,ncbi,s3","gs.US,ncbi.public,s3.us-east-1",adult,SRX468829,Illumina HiSeq 2000,Fe_An_O_3,SINGLE,PolyA,TRANSCRIPTOMIC,mated,Aedes aegypti,ILLUMINA,2014-02-13T00:00:00Z,3,Fe_An_O_3,dissected tissue,female,SRP037535,LVPIB12,antennae,96h post blood-meal
SRR1167468,10-16 days,RNA-Seq,101,11425151007,MR4 stock # MRA-735,PRJNA236239,SAMN02628886,Model organism or animal,96h post blood-meal,7540577237,ROCKEFELLER UNIVERSITY,2011-11,public,"fastq,sra","gs,ncbi,s3","gs.US,ncbi.public,s3.us-east-1",adult,SRX468830,Illumina HiSeq 2000,Fe_An_O_4,SINGLE,PolyA,TRANSCRIPTOMIC,mated,Aedes aegypti,ILLUMINA,2014-02-13T00:00:00Z,4,Fe_An_O_4,dissected tissue,female,SRP037535,LVPIB12,antennae,96h post blood-meal
SRR1167469,10-16 days,RNA-Seq,101,23432412181,MR4 stock # MRA-735,PRJNA236239,SAMN02628892,Model organism or animal,96h post blood-meal,15717137012,ROCKEFELLER UNIVERSITY,2012-01,public,"fastq,sra","gs,ncbi,s3","gs.US,ncbi.public,s3.us-east-1",adult,SRX468831,Illumina HiSeq 2000,Fe_HL_O_6,SINGLE,PolyA,TRANSCRIPTOMIC,mated,Aedes aegypti,ILLUMINA,2014-02-13T00:00:00Z,6,Fe_HL_O_6,dissected tissue,female,SRP037535,LVPIB12,hindlegs,96h post blood-meal
SRR1167470,10-16 days,RNA-Seq,101,24922135820,MR4 stock # MRA-735,PRJNA236239,SAMN02628893,Model organism or animal,96h post blood-meal,17012321849,ROCKEFELLER UNIVERSITY,2012-01,public,"fastq,sra","gs,ncbi,s3","gs.US,ncbi.public,s3.us-east-1",adult,SRX468832,Illumina HiSeq 2000,Fe_HL_O_7,SINGLE,PolyA,TRANSCRIPTOMIC,mated,Aedes aegypti,ILLUMINA,2014-02-13T00:00:00Z,7,Fe_HL_O_7,dissected tissue,female,SRP037535,LVPIB12,hindlegs,96h post blood-meal
SRR1167472,10-16 days,RNA-Seq,101,10769563643,MR4 stock # MRA-735,PRJNA236239,SAMN02628895,Model organism or animal,96h post blood-meal,7387993366,ROCKEFELLER UNIVERSITY,2012-01,public,"fastq,sra","gs,ncbi,s3","gs.US,ncbi.public,s3.us-east-1",adult,SRX468834,Illumina HiSeq 2000,Fe_ML_O_1,SINGLE,PolyA,TRANSCRIPTOMIC,mated,Aedes aegypti,ILLUMINA,2014-02-13T00:00:00Z,1,Fe_ML_O_1,dissected tissue,female,SRP037535,LVPIB12,midlegs,96h post blood-meal
SRR1167473,10-16 days,RNA-Seq,101,8920919031,MR4 stock # MRA-735,PRJNA236239,SAMN02628899,Model organism or animal,96h post blood-meal,6103553082,ROCKEFELLER UNIVERSITY,2013-01,public,"fastq,sra","gs,ncbi,s3","gs.US,ncbi.public,s3.us-east-1",adult,SRX468835,Illumina HiSeq 2000,Fe_ML_O_5,SINGLE,PolyA,TRANSCRIPTOMIC,mated,Aedes aegypti,ILLUMINA,2014-02-13T00:00:00Z,5,Fe_ML_O_5,dissected tissue,female,SRP037535,LVPIB12,midlegs,96h post blood-meal
SRR1167474,10-16 days,RNA-Seq,101,7719885005,MR4 stock # MRA-735,PRJNA236239,SAMN02628900,Model organism or animal,96h post blood-meal,5244319234,ROCKEFELLER UNIVERSITY,2013-01,public,"fastq,sra","gs,ncbi,s3","gs.US,ncbi.public,s3.us-east-1",adult,SRX468836,Illumina HiSeq 2000,Fe_ML_O_6,SINGLE,PolyA,TRANSCRIPTOMIC,mated,Aedes aegypti,ILLUMINA,2014-02-13T00:00:00Z,6,Fe_ML_O_6,dissected tissue,female,SRP037535,LVPIB12,midlegs,96h post blood-meal
SRR1167475,10-16 days,RNA-Seq,101,12063311528,MR4 stock # MRA-735,PRJNA236239,SAMN02628902,Model organism or animal,96h post blood-meal,8269885879,ROCKEFELLER UNIVERSITY,2013-01,public,"fastq,sra","gs,ncbi,s3","gs.US,ncbi.public,s3.us-east-1",adult,SRX468837,Illumina HiSeq 2000,Fe_FL_O_1,SINGLE,PolyA,TRANSCRIPTOMIC,mated,Aedes aegypti,ILLUMINA,2014-02-13T00:00:00Z,1,Fe_FL_O_1,dissected tissue,female,SRP037535,LVPIB12,forelegs,96h post blood-meal
SRR1167476,10-16 days,RNA-Seq,101,13976556548,MR4 stock # MRA-735,PRJNA236239,SAMN02628907,Model organism or animal,96h post blood-meal,9458779574,ROCKEFELLER UNIVERSITY,2013-01,public,"fastq,sra","gs,ncbi,s3","gs.US,ncbi.public,s3.us-east-1",adult,SRX468838,Illumina HiSeq 2000,Fe_FL_O_6,SINGLE,PolyA,TRANSCRIPTOMIC,mated,Aedes aegypti,ILLUMINA,2014-02-13T00:00:00Z,6,Fe_FL_O_6,dissected tissue,female,SRP037535,LVPIB12,forelegs,96h post blood-meal
SRR1167477,10-16 days,RNA-Seq,101,10653208411,MR4 stock # MRA-735,PRJNA236239,SAMN02628908,Model organism or animal,96h post blood-meal,7362947543,ROCKEFELLER UNIVERSITY,2013-01,public,"fastq,sra","gs,ncbi,s3","gs.US,ncbi.public,s3.us-east-1",adult,SRX468839,Illumina HiSeq 2000,Fe_FL_O_7,SINGLE,PolyA,TRANSCRIPTOMIC,mated,Aedes aegypti,ILLUMINA,2014-02-13T00:00:00Z,7,Fe_FL_O_7,dissected tissue,female,SRP037535,LVPIB12,forelegs,96h post blood-meal
SRR1167478,10-16 days,RNA-Seq,101,4257580967,MR4 stock # MRA-735,PRJNA236239,SAMN02628913,Model organism or animal,96h post blood-meal,2807170311,ROCKEFELLER UNIVERSITY,2012-07,public,"fastq,sra","gs,ncbi,s3","gs.US,ncbi.public,s3.us-east-1",adult,SRX468840,Illumina HiSeq 2000,Fe_At_O_5,SINGLE,PolyA,TRANSCRIPTOMIC,mated,Aedes aegypti,ILLUMINA,2014-02-13T00:00:00Z,5,Fe_At_O_5,dissected tissue,female,SRP037535,LVPIB12,abdominal tips,96h post blood-meal
SRR1167479,10-16 days,RNA-Seq,101,9108163032,MR4 stock # MRA-735,PRJNA236239,SAMN02628914,Model organism or animal,96h post blood-meal,6013350182,ROCKEFELLER UNIVERSITY,2012-07,public,"fastq,sra","gs,ncbi,s3","gs.US,ncbi.public,s3.us-east-1",adult,SRX468841,Illumina HiSeq 2000,Fe_At_O_6,SINGLE,PolyA,TRANSCRIPTOMIC,mated,Aedes aegypti,ILLUMINA,2014-02-13T00:00:00Z,6,Fe_At_O_6,dissected tissue,female,SRP037535,LVPIB12,abdominal tips,96h post blood-meal
SRR1167480,10-16 days,RNA-Seq,101,7309103663,MR4 stock # MRA-735,PRJNA236239,SAMN02628915,Model organism or animal,96h post blood-meal,4864301431,ROCKEFELLER UNIVERSITY,2012-07,public,"fastq,sra","gs,ncbi,s3","gs.US,ncbi.public,s3.us-east-1",adult,SRX468842,Illumina HiSeq 2000,Fe_At_O_7,SINGLE,PolyA,TRANSCRIPTOMIC,mated,Aedes aegypti,ILLUMINA,2014-02-13T00:00:00Z,7,Fe_At_O_7,dissected tissue,female,SRP037535,LVPIB12,abdominal tips,96h post blood-meal
SRR1167481,10-16 days,RNA-Seq,101,9071425999,MR4 stock # MRA-735,PRJNA236239,SAMN02628916,Model organism or animal,96h post blood-meal,5949678996,ROCKEFELLER UNIVERSITY,2011-11,public,"fastq,sra","gs,ncbi,s3","gs.US,ncbi.public,s3.us-east-1",adult,SRX468843,Illumina HiSeq 2000,Fe_Br_O_1,SINGLE,PolyA,TRANSCRIPTOMIC,mated,Aedes aegypti,ILLUMINA,2014-02-13T00:00:00Z,1,Fe_Br_O_1,dissected tissue,female,SRP037535,LVPIB12,brains,96h post blood-meal
SRR1167482,10-16 days,RNA-Seq,101,7625826129,MR4 stock # MRA-735,PRJNA236239,SAMN02628917,Model organism or animal,96h post blood-meal,5000802750,ROCKEFELLER UNIVERSITY,2011-11,public,"fastq,sra","gs,ncbi,s3","gs.US,ncbi.public,s3.us-east-1",adult,SRX468844,Illumina HiSeq 2000,Fe_Br_O_2,SINGLE,PolyA,TRANSCRIPTOMIC,mated,Aedes aegypti,ILLUMINA,2014-02-13T00:00:00Z,2,Fe_Br_O_2,dissected tissue,female,SRP037535,LVPIB12,brains,96h post blood-meal
SRR1167483,10-16 days,RNA-Seq,101,7616835715,MR4 stock # MRA-735,PRJNA236239,SAMN02628918,Model organism or animal,96h post blood-meal,5050739046,ROCKEFELLER UNIVERSITY,2011-11,public,"fastq,sra","gs,ncbi,s3","gs.US,ncbi.public,s3.us-east-1",adult,SRX468845,Illumina HiSeq 2000,Fe_Br_O_3,SINGLE,PolyA,TRANSCRIPTOMIC,mated,Aedes aegypti,ILLUMINA,2014-02-13T00:00:00Z,3,Fe_Br_O_3,dissected tissue,female,SRP037535,LVPIB12,brains,96h post blood-meal
SRR1167485,10-16 days,RNA-Seq,101,4500669080,MR4 stock # MRA-735,PRJNA236239,SAMN02628924,Model organism or animal,not bloodfed,3042134263,ROCKEFELLER UNIVERSITY,2012-07,public,"fastq,sra","gs,ncbi,s3","gs.US,ncbi.public,s3.us-east-1",adult,SRX468847,Illumina HiSeq 2000,Ma_Rs_1.1,SINGLE,PolyA,TRANSCRIPTOMIC,mated,Aedes aegypti,ILLUMINA,2014-02-13T00:00:00Z,1,Ma_Rs_1,dissected tissue,male,SRP037535,LVPIB12,rostrums,not bloodfed
SRR1167486,10-16 days,RNA-Seq,101,4157699340,MR4 stock # MRA-735,PRJNA236239,SAMN02628924,Model organism or animal,not bloodfed,2777394291,ROCKEFELLER UNIVERSITY,2012-07,public,"fastq,sra","gs,ncbi,s3","gs.US,ncbi.public,s3.us-east-1",adult,SRX468848,Illumina HiSeq 2000,Ma_Rs_1.2,SINGLE,PolyA,TRANSCRIPTOMIC,mated,Aedes aegypti,ILLUMINA,2014-02-13T00:00:00Z,1,Ma_Rs_1,dissected tissue,male,SRP037535,LVPIB12,rostrums,not bloodfed
SRR1167487,10-16 days,RNA-Seq,101,5353326735,MR4 stock # MRA-735,PRJNA236239,SAMN02628925,Model organism or animal,not bloodfed,3595771325,ROCKEFELLER UNIVERSITY,2012-08,public,"fastq,sra","gs,ncbi,s3","gs.US,ncbi.public,s3.us-east-1",adult,SRX468849,Illumina HiSeq 2000,Ma_Rs_2.1,SINGLE,PolyA,TRANSCRIPTOMIC,mated,Aedes aegypti,ILLUMINA,2014-02-13T00:00:00Z,2,Ma_Rs_2,dissected tissue,male,SRP037535,LVPIB12,rostrums,not bloodfed
SRR1167488,10-16 days,RNA-Seq,101,4833641840,MR4 stock # MRA-735,PRJNA236239,SAMN02628925,Model organism or animal,not bloodfed,3212415619,ROCKEFELLER UNIVERSITY,2012-08,public,"fastq,sra","gs,ncbi,s3","gs.US,ncbi.public,s3.us-east-1",adult,SRX468850,Illumina HiSeq 2000,Ma_Rs_2.2,SINGLE,PolyA,TRANSCRIPTOMIC,mated,Aedes aegypti,ILLUMINA,2014-02-13T00:00:00Z,2,Ma_Rs_2,dissected tissue,male,SRP037535,LVPIB12,rostrums,not bloodfed
SRR1167489,10-16 days,RNA-Seq,101,9165487097,MR4 stock # MRA-735,PRJNA236239,SAMN02628926,Model organism or animal,not bloodfed,6231648716,ROCKEFELLER UNIVERSITY,2012-08,public,"fastq,sra","gs,ncbi,s3","gs.US,ncbi.public,s3.us-east-1",adult,SRX468851,Illumina HiSeq 2000,Ma_Rs_3.1,SINGLE,PolyA,TRANSCRIPTOMIC,mated,Aedes aegypti,ILLUMINA,2014-02-13T00:00:00Z,3,Ma_Rs_3,dissected tissue,male,SRP037535,LVPIB12,rostrums,not bloodfed
SRR1167490,10-16 days,RNA-Seq,101,8862207226,MR4 stock # MRA-735,PRJNA236239,SAMN02628926,Model organism or animal,not bloodfed,5964550968,ROCKEFELLER UNIVERSITY,2012-08,public,"fastq,sra","gs,ncbi,s3","gs.US,ncbi.public,s3.us-east-1",adult,SRX468852,Illumina HiSeq 2000,Ma_Rs_3.2,SINGLE,PolyA,TRANSCRIPTOMIC,mated,Aedes aegypti,ILLUMINA,2014-02-13T00:00:00Z,3,Ma_Rs_3,dissected tissue,male,SRP037535,LVPIB12,rostrums,not bloodfed
SRR1167492,10-16 days,RNA-Seq,101,23203460634,MR4 stock # MRA-735,PRJNA236239,SAMN02628940,Model organism or animal,not bloodfed,15599456232,ROCKEFELLER UNIVERSITY,2012-04,public,"fastq,sra","gs,ncbi,s3","gs.US,ncbi.public,s3.us-east-1",adult,SRX468854,Illumina HiSeq 2000,Ma_HL_5,SINGLE,PolyA,TRANSCRIPTOMIC,mated,Aedes aegypti,ILLUMINA,2014-02-13T00:00:00Z,5,Ma_HL_5,dissected tissue,male,SRP037535,LVPIB12,hindlegs,not bloodfed
SRR1167493,10-16 days,RNA-Seq,152,3512981592,MR4 stock # MRA-735,PRJNA236239,SAMN02628822,Model organism or animal,not bloodfed,2116415250,ROCKEFELLER UNIVERSITY,2010-10,public,"fastq,sra","gs,ncbi,s3","gs.US,ncbi.public,s3.us-east-1",adult,SRX468706,Illumina Genome Analyzer IIx,Fe_An_SF_1.2,PAIRED,PolyA,TRANSCRIPTOMIC,mated,Aedes aegypti,ILLUMINA,2015-07-22T00:00:00Z,1,Fe_An_SF_1.1,dissected tissue,female,SRP037535,LVPIB12,antennae,not bloodfed
SRR1167494,10-16 days,RNA-Seq,202,16198309098,MR4 stock # MRA-735,PRJNA236239,SAMN02628822,Model organism or animal,not bloodfed,8938232523,ROCKEFELLER UNIVERSITY,2010-10,public,"fastq,sra","gs,ncbi,s3","gs.US,ncbi.public,s3.us-east-1",adult,SRX468707,Illumina HiSeq 2000,Fe_An_SF_1.3,PAIRED,PolyA,TRANSCRIPTOMIC,mated,Aedes aegypti,ILLUMINA,2015-07-22T00:00:00Z,1,Fe_An_SF_1.1,dissected tissue,female,SRP037535,LVPIB12,antennae,not bloodfed
SRR1167495,10-16 days,RNA-Seq,150,3251815950,MR4 stock # MRA-735,PRJNA236239,SAMN02628822,Model organism or animal,not bloodfed,1701208779,ROCKEFELLER UNIVERSITY,2010-10,public,"fastq,sra","gs,ncbi,s3","gs.US,ncbi.public,s3.us-east-1",adult,SRX468708,Illumina Genome Analyzer IIx,Fe_An_SF_1.1,PAIRED,PolyA,TRANSCRIPTOMIC,mated,Aedes aegypti,ILLUMINA,2015-07-22T00:00:00Z,1,Fe_An_SF_1.1,dissected tissue,female,SRP037535,LVPIB12,antennae,not bloodfed
SRR1167496,10-16 days,RNA-Seq,152,3447649560,MR4 stock # MRA-735,PRJNA236239,SAMN02628823,Model organism or animal,not bloodfed,2097153942,ROCKEFELLER UNIVERSITY,2010-11,public,"fastq,sra","gs,ncbi,s3","gs.US,ncbi.public,s3.us-east-1",adult,SRX468709,Illumina Genome Analyzer IIx,Fe_An_SF_2.2,PAIRED,PolyA,TRANSCRIPTOMIC,mated,Aedes aegypti,ILLUMINA,2015-07-22T00:00:00Z,2,Fe_An_SF_2.1,dissected tissue,female,SRP037535,LVPIB12,antennae,not bloodfed
SRR1167497,10-16 days,RNA-Seq,152,3506209536,MR4 stock # MRA-735,PRJNA236239,SAMN02628823,Model organism or animal,not bloodfed,2185970033,ROCKEFELLER UNIVERSITY,2010-11,public,"fastq,sra","gs,ncbi,s3","gs.US,ncbi.public,s3.us-east-1",adult,SRX468710,Illumina Genome Analyzer IIx,Fe_An_SF_2.1,PAIRED,PolyA,TRANSCRIPTOMIC,mated,Aedes aegypti,ILLUMINA,2015-07-22T00:00:00Z,2,Fe_An_SF_2.1,dissected tissue,female,SRP037535,LVPIB12,antennae,not bloodfed
SRR1167498,10-16 days,RNA-Seq,152,3663821376,MR4 stock # MRA-735,PRJNA236239,SAMN02628824,Model organism or animal,not bloodfed,2203866223,ROCKEFELLER UNIVERSITY,2010-11,public,"fastq,sra","gs,ncbi,s3","gs.US,ncbi.public,s3.us-east-1",adult,SRX468711,Illumina Genome Analyzer IIx,Fe_An_SF_3.2,PAIRED,PolyA,TRANSCRIPTOMIC,mated,Aedes aegypti,ILLUMINA,2015-07-22T00:00:00Z,3,Fe_An_SF_3.1,dissected tissue,female,SRP037535,LVPIB12,antennae,not bloodfed
SRR1167500,10-16 days,RNA-Seq,152,3081422584,MR4 stock # MRA-735,PRJNA236239,SAMN02628825,Model organism or animal,not bloodfed,1747721519,ROCKEFELLER UNIVERSITY,2010-11,public,"fastq,sra","gs,ncbi,s3","gs.US,ncbi.public,s3.us-east-1",adult,SRX468713,Illumina Genome Analyzer IIx,Fe_An_SF_4.2,PAIRED,PolyA,TRANSCRIPTOMIC,mated,Aedes aegypti,ILLUMINA,2015-07-22T00:00:00Z,4,Fe_An_SF_4.1,dissected tissue,female,SRP037535,LVPIB12,antennae,not bloodfed
SRR1167501,10-16 days,RNA-Seq,152,3205320216,MR4 stock # MRA-735,PRJNA236239,SAMN02628825,Model organism or animal,not bloodfed,1923089144,ROCKEFELLER UNIVERSITY,2010-11,public,"fastq,sra","gs,ncbi,s3","gs.US,ncbi.public,s3.us-east-1",adult,SRX468714,Illumina Genome Analyzer IIx,Fe_An_SF_4.1,PAIRED,PolyA,TRANSCRIPTOMIC,mated,Aedes aegypti,ILLUMINA,2015-07-22T00:00:00Z,4,Fe_An_SF_4.1,dissected tissue,female,SRP037535,LVPIB12,antennae,not bloodfed
SRR1167503,10-16 days,RNA-Seq,202,31201378540,MR4 stock # MRA-735,PRJNA236239,SAMN02628831,Model organism or animal,not bloodfed,20378913202,ROCKEFELLER UNIVERSITY,2011-09,public,"fastq,sra","gs,ncbi,s3","gs.US,ncbi.public,s3.us-east-1",adult,SRX468716,Illumina HiSeq 2000,Fe_Br_SF_2,PAIRED,PolyA,TRANSCRIPTOMIC,mated,Aedes aegypti,ILLUMINA,2014-02-13T00:00:00Z,2,Fe_Br_SF_2,dissected tissue,female,SRP037535,LVPIB12,brains,not bloodfed
SRR1167504,10-16 days,RNA-Seq,202,35455585602,MR4 stock # MRA-735,PRJNA236239,SAMN02628832,Model organism or animal,not bloodfed,23562989647,ROCKEFELLER UNIVERSITY,2011-09,public,"fastq,sra","gs,ncbi,s3","gs.US,ncbi.public,s3.us-east-1",adult,SRX468717,Illumina HiSeq 2000,Fe_Br_SF_3,PAIRED,PolyA,TRANSCRIPTOMIC,mated,Aedes aegypti,ILLUMINA,2014-02-13T00:00:00Z,3,Fe_Br_SF_3,dissected tissue,female,SRP037535,LVPIB12,brains,not bloodfed
SRR1167505,10-16 days,RNA-Seq,202,7454172690,MR4 stock # MRA-735,PRJNA236239,SAMN02628833,Model organism or animal,not bloodfed,4385848106,ROCKEFELLER UNIVERSITY,2011-09,public,"fastq,sra","gs,ncbi,s3","gs.US,ncbi.public,s3.us-east-1",adult,SRX468718,Illumina HiSeq 2000,Fe_Br_SF_4,PAIRED,PolyA,TRANSCRIPTOMIC,mated,Aedes aegypti,ILLUMINA,2014-02-13T00:00:00Z,4,Fe_Br_SF_4,dissected tissue,female,SRP037535,LVPIB12,brains,not bloodfed
SRR1167506,10-16 days,RNA-Seq,202,23379632712,MR4 stock # MRA-735,PRJNA236239,SAMN02628838,Model organism or animal,not bloodfed,14087291107,ROCKEFELLER UNIVERSITY,2011-10,public,"fastq,sra","gs,ncbi,s3","gs.US,ncbi.public,s3.us-east-1",adult,SRX468719,Illumina HiSeq 2000,Fe_Pa_SF_1,PAIRED,PolyA,TRANSCRIPTOMIC,mated,Aedes aegypti,ILLUMINA,2014-02-13T00:00:00Z,1,Fe_Pa_SF_1,dissected tissue,female,SRP037535,LVPIB12,maxillary palps,not bloodfed
SRR1167507,10-16 days,RNA-Seq,202,5153005860,MR4 stock # MRA-735,PRJNA236239,SAMN02628839,Model organism or animal,not bloodfed,3047399023,ROCKEFELLER UNIVERSITY,2011-10,public,"fastq,sra","gs,ncbi,s3","gs.US,ncbi.public,s3.us-east-1",adult,SRX468720,Illumina HiSeq 2000,Fe_Pa_SF_2,PAIRED,PolyA,TRANSCRIPTOMIC,mated,Aedes aegypti,ILLUMINA,2014-02-13T00:00:00Z,2,Fe_Pa_SF_2,dissected tissue,female,SRP037535,LVPIB12,maxillary palps,not bloodfed
SRR1167508,10-16 days,RNA-Seq,202,6664988990,MR4 stock # MRA-735,PRJNA236239,SAMN02628840,Model organism or animal,not bloodfed,3918894942,ROCKEFELLER UNIVERSITY,2011-10,public,"fastq,sra","gs,ncbi,s3","gs.US,ncbi.public,s3.us-east-1",adult,SRX468721,Illumina HiSeq 2000,Fe_Pa_SF_3,PAIRED,PolyA,TRANSCRIPTOMIC,mated,Aedes aegypti,ILLUMINA,2014-02-13T00:00:00Z,3,Fe_Pa_SF_3,dissected tissue,female,SRP037535,LVPIB12,maxillary palps,not bloodfed
SRR1167509,10-16 days,RNA-Seq,202,26824223774,MR4 stock # MRA-735,PRJNA236239,SAMN02628841,Model organism or animal,not bloodfed,17462971729,ROCKEFELLER UNIVERSITY,2011-10,public,"fastq,sra","gs,ncbi,s3","gs.US,ncbi.public,s3.us-east-1",adult,SRX468722,Illumina HiSeq 2000,Fe_Pa_SF_4,PAIRED,PolyA,TRANSCRIPTOMIC,mated,Aedes aegypti,ILLUMINA,2014-02-13T00:00:00Z,4,Fe_Pa_SF_4,dissected tissue,female,SRP037535,LVPIB12,maxillary palps,not bloodfed
SRR1167511,10-16 days,RNA-Seq,202,7458387016,MR4 stock # MRA-735,PRJNA236239,SAMN02628843,Model organism or animal,not bloodfed,4494272029,ROCKEFELLER UNIVERSITY,2011-10,public,"fastq,sra","gs,ncbi,s3","gs.US,ncbi.public,s3.us-east-1",adult,SRX468724,Illumina HiSeq 2000,Fe_Os_SF_2,PAIRED,PolyA,TRANSCRIPTOMIC,mated,Aedes aegypti,ILLUMINA,2014-02-13T00:00:00Z,2,Fe_Os_SF_2,dissected tissue,female,SRP037535,LVPIB12,proboscises,not bloodfed
SRR1167513,10-16 days,RNA-Seq,202,15778475328,MR4 stock # MRA-735,PRJNA236239,SAMN02628845,Model organism or animal,not bloodfed,9801152690,ROCKEFELLER UNIVERSITY,2011-10,public,"fastq,sra","gs,ncbi,s3","gs.US,ncbi.public,s3.us-east-1",adult,SRX468726,Illumina HiSeq 2000,Fe_Os_SF_4,PAIRED,PolyA,TRANSCRIPTOMIC,mated,Aedes aegypti,ILLUMINA,2014-02-13T00:00:00Z,4,Fe_Os_SF_4,dissected tissue,female,SRP037535,LVPIB12,proboscises,not bloodfed
SRR1167515,10-16 days,RNA-Seq,202,10226493612,MR4 stock # MRA-735,PRJNA236239,SAMN02628865,Model organism or animal,not bloodfed,6493100299,ROCKEFELLER UNIVERSITY,2012-07,public,"fastq,sra","gs,ncbi,s3","gs.US,ncbi.public,s3.us-east-1",adult,SRX468728,Illumina HiSeq 2000,Fe_Ov_SF_1.2,PAIRED,PolyA,TRANSCRIPTOMIC,mated,Aedes aegypti,ILLUMINA,2014-02-13T00:00:00Z,1,Fe_Ov_SF_1,dissected tissue,female,SRP037535,LVPIB12,ovaries,not bloodfed
SRR1167516,10-16 days,RNA-Seq,202,10468983502,MR4 stock # MRA-735,PRJNA236239,SAMN02628865,Model organism or animal,not bloodfed,6677735598,ROCKEFELLER UNIVERSITY,2012-07,public,"fastq,sra","gs,ncbi,s3","gs.US,ncbi.public,s3.us-east-1",adult,SRX468729,Illumina HiSeq 2000,Fe_Ov_SF_1.1,PAIRED,PolyA,TRANSCRIPTOMIC,mated,Aedes aegypti,ILLUMINA,2014-02-13T00:00:00Z,1,Fe_Ov_SF_1,dissected tissue,female,SRP037535,LVPIB12,ovaries,not bloodfed
SRR1167517,10-16 days,RNA-Seq,202,11252179720,MR4 stock # MRA-735,PRJNA236239,SAMN02628866,Model organism or animal,not bloodfed,7168905671,ROCKEFELLER UNIVERSITY,2012-07,public,"fastq,sra","gs,ncbi,s3","gs.US,ncbi.public,s3.us-east-1",adult,SRX468730,Illumina HiSeq 2000,Fe_Ov_SF_2.2,PAIRED,PolyA,TRANSCRIPTOMIC,mated,Aedes aegypti,ILLUMINA,2014-02-13T00:00:00Z,2,Fe_Ov_SF_2,dissected tissue,female,SRP037535,LVPIB12,ovaries,not bloodfed
SRR1167518,10-16 days,RNA-Seq,202,11435199800,MR4 stock # MRA-735,PRJNA236239,SAMN02628866,Model organism or animal,not bloodfed,7319409657,ROCKEFELLER UNIVERSITY,2012-07,public,"fastq,sra","gs,ncbi,s3","gs.US,ncbi.public,s3.us-east-1",adult,SRX468731,Illumina HiSeq 2000,Fe_Ov_SF_2.1,PAIRED,PolyA,TRANSCRIPTOMIC,mated,Aedes aegypti,ILLUMINA,2014-02-13T00:00:00Z,2,Fe_Ov_SF_2,dissected tissue,female,SRP037535,LVPIB12,ovaries,not bloodfed
SRR1167519,10-16 days,RNA-Seq,202,7209635530,MR4 stock # MRA-735,PRJNA236239,SAMN02628867,Model organism or animal,not bloodfed,4580605208,ROCKEFELLER UNIVERSITY,2012-07,public,"fastq,sra","gs,ncbi,s3","gs.US,ncbi.public,s3.us-east-1",adult,SRX468732,Illumina HiSeq 2000,Fe_Ov_SF_3.2,PAIRED,PolyA,TRANSCRIPTOMIC,mated,Aedes aegypti,ILLUMINA,2014-02-13T00:00:00Z,3,Fe_Ov_SF_3,dissected tissue,female,SRP037535,LVPIB12,ovaries,not bloodfed
SRR1167520,10-16 days,RNA-Seq,202,7330462436,MR4 stock # MRA-735,PRJNA236239,SAMN02628867,Model organism or animal,not bloodfed,4679305974,ROCKEFELLER UNIVERSITY,2012-07,public,"fastq,sra","gs,ncbi,s3","gs.US,ncbi.public,s3.us-east-1",adult,SRX468733,Illumina HiSeq 2000,Fe_Ov_SF_3.1,PAIRED,PolyA,TRANSCRIPTOMIC,mated,Aedes aegypti,ILLUMINA,2014-02-13T00:00:00Z,3,Fe_Ov_SF_3,dissected tissue,female,SRP037535,LVPIB12,ovaries,not bloodfed
SRR1167521,10-16 days,RNA-Seq,202,14166909632,MR4 stock # MRA-735,PRJNA236239,SAMN02628887,Model organism or animal,96h post blood-meal,8921880295,ROCKEFELLER UNIVERSITY,2011-05,public,"fastq,sra","gs,ncbi,s3","gs.US,ncbi.public,s3.us-east-1",adult,SRX468734,Illumina HiSeq 2000,Fe_HL_O_1,PAIRED,PolyA,TRANSCRIPTOMIC,mated,Aedes aegypti,ILLUMINA,2015-07-22T00:00:00Z,1,Fe_HL_O_1,dissected tissue,female,SRP037535,LVPIB12,hindlegs,96h post blood-meal
SRR1167522,10-16 days,RNA-Seq,202,19846166902,MR4 stock # MRA-735,PRJNA236239,SAMN02628888,Model organism or animal,96h post blood-meal,13236994248,ROCKEFELLER UNIVERSITY,2011-05,public,"fastq,sra","gs,ncbi,s3","gs.US,ncbi.public,s3.us-east-1",adult,SRX468735,Illumina HiSeq 2000,Fe_HL_O_2,PAIRED,PolyA,TRANSCRIPTOMIC,mated,Aedes aegypti,ILLUMINA,2015-07-22T00:00:00Z,2,Fe_HL_O_2,dissected tissue,female,SRP037535,LVPIB12,hindlegs,96h post blood-meal
SRR1167523,10-16 days,RNA-Seq,202,10965858052,MR4 stock # MRA-735,PRJNA236239,SAMN02628889,Model organism or animal,96h post blood-meal,7523555164,ROCKEFELLER UNIVERSITY,2011-12,public,"fastq,sra","gs,ncbi,s3","gs.US,ncbi.public,s3.us-east-1",adult,SRX468736,Illumina HiSeq 2000,Fe_HL_O_3,PAIRED,PolyA,TRANSCRIPTOMIC,mated,Aedes aegypti,ILLUMINA,2014-02-13T00:00:00Z,3,Fe_HL_O_3,dissected tissue,female,SRP037535,LVPIB12,hindlegs,96h post blood-meal
SRR1167524,10-16 days,RNA-Seq,202,18264639818,MR4 stock # MRA-735,PRJNA236239,SAMN02628890,Model organism or animal,96h post blood-meal,12675916563,ROCKEFELLER UNIVERSITY,2011-12,public,"fastq,sra","gs,ncbi,s3","gs.US,ncbi.public,s3.us-east-1",adult,SRX468737,Illumina HiSeq 2000,Fe_HL_O_4,PAIRED,PolyA,TRANSCRIPTOMIC,mated,Aedes aegypti,ILLUMINA,2014-02-13T00:00:00Z,4,Fe_HL_O_4,dissected tissue,female,SRP037535,LVPIB12,hindlegs,96h post blood-meal
SRR1167525,10-16 days,RNA-Seq,202,13218267940,MR4 stock # MRA-735,PRJNA236239,SAMN02628891,Model organism or animal,96h post blood-meal,9084171999,ROCKEFELLER UNIVERSITY,2011-12,public,"fastq,sra","gs,ncbi,s3","gs.US,ncbi.public,s3.us-east-1",adult,SRX468738,Illumina HiSeq 2000,Fe_HL_O_5,PAIRED,PolyA,TRANSCRIPTOMIC,mated,Aedes aegypti,ILLUMINA,2014-02-13T00:00:00Z,5,Fe_HL_O_5,dissected tissue,female,SRP037535,LVPIB12,hindlegs,96h post blood-meal
SRR1167526,10-16 days,RNA-Seq,202,27826061964,MR4 stock # MRA-735,PRJNA236239,SAMN02628896,Model organism or animal,96h post blood-meal,18967643931,ROCKEFELLER UNIVERSITY,2011-12,public,"fastq,sra","gs,ncbi,s3","gs.US,ncbi.public,s3.us-east-1",adult,SRX468739,Illumina HiSeq 2000,Fe_ML_O_2,PAIRED,PolyA,TRANSCRIPTOMIC,mated,Aedes aegypti,ILLUMINA,2014-02-13T00:00:00Z,2,Fe_ML_O_2,dissected tissue,female,SRP037535,LVPIB12,midlegs,96h post blood-meal
SRR1167527,10-16 days,RNA-Seq,202,7262502566,MR4 stock # MRA-735,PRJNA236239,SAMN02628897,Model organism or animal,96h post blood-meal,4996484579,ROCKEFELLER UNIVERSITY,2011-12,public,"fastq,sra","gs,ncbi,s3","gs.US,ncbi.public,s3.us-east-1",adult,SRX468740,Illumina HiSeq 2000,Fe_ML_O_3,PAIRED,PolyA,TRANSCRIPTOMIC,mated,Aedes aegypti,ILLUMINA,2014-02-13T00:00:00Z,3,Fe_ML_O_3,dissected tissue,female,SRP037535,LVPIB12,midlegs,96h post blood-meal
SRR1167528,10-16 days,RNA-Seq,202,15419650204,MR4 stock # MRA-735,PRJNA236239,SAMN02628898,Model organism or animal,96h post blood-meal,10569490828,ROCKEFELLER UNIVERSITY,2011-12,public,"fastq,sra","gs,ncbi,s3","gs.US,ncbi.public,s3.us-east-1",adult,SRX468741,Illumina HiSeq 2000,Fe_ML_O_4,PAIRED,PolyA,TRANSCRIPTOMIC,mated,Aedes aegypti,ILLUMINA,2014-02-13T00:00:00Z,4,Fe_ML_O_4,dissected tissue,female,SRP037535,LVPIB12,midlegs,96h post blood-meal
SRR1167529,10-16 days,RNA-Seq,202,11719168572,MR4 stock # MRA-735,PRJNA236239,SAMN02628901,Model organism or animal,96h post blood-meal,7155027772,ROCKEFELLER UNIVERSITY,2013-01,public,"fastq,sra","gs,ncbi,s3","gs.US,ncbi.public,s3.us-east-1",adult,SRX468742,Illumina HiSeq 2000,Fe_ML_O_7,PAIRED,PolyA,TRANSCRIPTOMIC,mated,Aedes aegypti,ILLUMINA,2014-02-13T00:00:00Z,7,Fe_ML_O_7,dissected tissue,female,SRP037535,LVPIB12,midlegs,96h post blood-meal
SRR1167530,10-16 days,RNA-Seq,202,4935754456,MR4 stock # MRA-735,PRJNA236239,SAMN02628903,Model organism or animal,96h post blood-meal,3389257511,ROCKEFELLER UNIVERSITY,2011-12,public,"fastq,sra","gs,ncbi,s3","gs.US,ncbi.public,s3.us-east-1",adult,SRX468743,Illumina HiSeq 2000,Fe_FL_O_2,PAIRED,PolyA,TRANSCRIPTOMIC,mated,Aedes aegypti,ILLUMINA,2014-02-13T00:00:00Z,2,Fe_FL_O_2,dissected tissue,female,SRP037535,LVPIB12,forelegs,96h post blood-meal
SRR1167531,10-16 days,RNA-Seq,202,14032678208,MR4 stock # MRA-735,PRJNA236239,SAMN02628904,Model organism or animal,96h post blood-meal,9727729771,ROCKEFELLER UNIVERSITY,2011-12,public,"fastq,sra","gs,ncbi,s3","gs.US,ncbi.public,s3.us-east-1",adult,SRX468744,Illumina HiSeq 2000,Fe_FL_O_3,PAIRED,PolyA,TRANSCRIPTOMIC,mated,Aedes aegypti,ILLUMINA,2014-02-13T00:00:00Z,3,Fe_FL_O_3,dissected tissue,female,SRP037535,LVPIB12,forelegs,96h post blood-meal
SRR1167532,10-16 days,RNA-Seq,202,14492749772,MR4 stock # MRA-735,PRJNA236239,SAMN02628905,Model organism or animal,96h post blood-meal,9948640997,ROCKEFELLER UNIVERSITY,2011-12,public,"fastq,sra","gs,ncbi,s3","gs.US,ncbi.public,s3.us-east-1",adult,SRX468745,Illumina HiSeq 2000,Fe_FL_O_4,PAIRED,PolyA,TRANSCRIPTOMIC,mated,Aedes aegypti,ILLUMINA,2014-02-13T00:00:00Z,4,Fe_FL_O_4,dissected tissue,female,SRP037535,LVPIB12,forelegs,96h post blood-meal
SRR1167533,10-16 days,RNA-Seq,202,9874272676,MR4 stock # MRA-735,PRJNA236239,SAMN02628906,Model organism or animal,96h post blood-meal,5988164069,ROCKEFELLER UNIVERSITY,2013-01,public,"fastq,sra","gs,ncbi,s3","gs.US,ncbi.public,s3.us-east-1",adult,SRX468746,Illumina HiSeq 2000,Fe_FL_O_5,PAIRED,PolyA,TRANSCRIPTOMIC,mated,Aedes aegypti,ILLUMINA,2014-02-13T00:00:00Z,5,Fe_FL_O_5,dissected tissue,female,SRP037535,LVPIB12,forelegs,96h post blood-meal
SRR1167534,10-16 days,RNA-Seq,202,14460174040,MR4 stock # MRA-735,PRJNA236239,SAMN02628909,Model organism or animal,96h post blood-meal,9580068602,ROCKEFELLER UNIVERSITY,2012-01,public,"fastq,sra","gs,ncbi,s3","gs.US,ncbi.public,s3.us-east-1",adult,SRX468747,Illumina HiSeq 2000,Fe_At_O_1,PAIRED,PolyA,TRANSCRIPTOMIC,mated,Aedes aegypti,ILLUMINA,2014-02-13T00:00:00Z,1,Fe_At_O_1,dissected tissue,female,SRP037535,LVPIB12,abdominal tips,96h post blood-meal
SRR1167535,10-16 days,RNA-Seq,202,13077032166,MR4 stock # MRA-735,PRJNA236239,SAMN02628910,Model organism or animal,96h post blood-meal,8694900499,ROCKEFELLER UNIVERSITY,2012-01,public,"fastq,sra","gs,ncbi,s3","gs.US,ncbi.public,s3.us-east-1",adult,SRX468748,Illumina HiSeq 2000,Fe_At_O_2,PAIRED,PolyA,TRANSCRIPTOMIC,mated,Aedes aegypti,ILLUMINA,2014-02-13T00:00:00Z,2,Fe_At_O_2,dissected tissue,female,SRP037535,LVPIB12,abdominal tips,96h post blood-meal
SRR1167536,10-16 days,RNA-Seq,202,16019704536,MR4 stock # MRA-735,PRJNA236239,SAMN02628911,Model organism or animal,96h post blood-meal,10758664179,ROCKEFELLER UNIVERSITY,2012-01,public,"fastq,sra","gs,ncbi,s3","gs.US,ncbi.public,s3.us-east-1",adult,SRX468749,Illumina HiSeq 2000,Fe_At_O_3,PAIRED,PolyA,TRANSCRIPTOMIC,mated,Aedes aegypti,ILLUMINA,2014-02-13T00:00:00Z,3,Fe_At_O_3,dissected tissue,female,SRP037535,LVPIB12,abdominal tips,96h post blood-meal
SRR1167537,10-16 days,RNA-Seq,202,12884021772,MR4 stock # MRA-735,PRJNA236239,SAMN02628912,Model organism or animal,96h post blood-meal,8632628728,ROCKEFELLER UNIVERSITY,2012-01,public,"fastq,sra","gs,ncbi,s3","gs.US,ncbi.public,s3.us-east-1",adult,SRX468750,Illumina HiSeq 2000,Fe_At_O_4,PAIRED,PolyA,TRANSCRIPTOMIC,mated,Aedes aegypti,ILLUMINA,2014-02-13T00:00:00Z,4,Fe_At_O_4,dissected tissue,female,SRP037535,LVPIB12,abdominal tips,96h post blood-meal
SRR1167539,10-16 days,RNA-Seq,202,6450060586,MR4 stock # MRA-735,PRJNA236239,SAMN02628921,Model organism or animal,96h post blood-meal,3885445524,ROCKEFELLER UNIVERSITY,2011-11,public,"fastq,sra","gs,ncbi,s3","gs.US,ncbi.public,s3.us-east-1",adult,SRX468752,Illumina HiSeq 2000,Fe_Ov_O_2,PAIRED,PolyA,TRANSCRIPTOMIC,mated,Aedes aegypti,ILLUMINA,2014-02-13T00:00:00Z,2,Fe_Ov_O_2,dissected tissue,female,SRP037535,LVPIB12,ovaries,96h post blood-meal
SRR1167540,10-16 days,RNA-Seq,202,9923049010,MR4 stock # MRA-735,PRJNA236239,SAMN02628922,Model organism or animal,96h post blood-meal,5910732968,ROCKEFELLER UNIVERSITY,2011-12,public,"fastq,sra","gs,ncbi,s3","gs.US,ncbi.public,s3.us-east-1",adult,SRX468753,Illumina HiSeq 2000,Fe_Ov_O_3,PAIRED,PolyA,TRANSCRIPTOMIC,mated,Aedes aegypti,ILLUMINA,2014-02-13T00:00:00Z,3,Fe_Ov_O_3,dissected tissue,female,SRP037535,LVPIB12,ovaries,96h post blood-meal
SRR1167541,10-16 days,RNA-Seq,202,28399297362,MR4 stock # MRA-735,PRJNA236239,SAMN02628923,Model organism or animal,96h post blood-meal,18798061244,ROCKEFELLER UNIVERSITY,2012-03,public,"fastq,sra","gs,ncbi,s3","gs.US,ncbi.public,s3.us-east-1",adult,SRX468754,Illumina HiSeq 2000,Fe_Ov_O_4,PAIRED,PolyA,TRANSCRIPTOMIC,mated,Aedes aegypti,ILLUMINA,2014-02-13T00:00:00Z,4,Fe_Ov_O_4,dissected tissue,female,SRP037535,LVPIB12,ovaries,96h post blood-meal
SRR1167542,10-16 days,RNA-Seq,202,6784409774,MR4 stock # MRA-735,PRJNA236239,SAMN02628927,Model organism or animal,not bloodfed,4635892227,ROCKEFELLER UNIVERSITY,2012-10,public,"fastq,sra","gs,ncbi,s3","gs.US,ncbi.public,s3.us-east-1",adult,SRX468755,Illumina HiSeq 2000,Ma_Br_1.2,PAIRED,PolyA,TRANSCRIPTOMIC,mated,Aedes aegypti,ILLUMINA,2014-02-13T00:00:00Z,1,Ma_Br_1,dissected tissue,male,SRP037535,LVPIB12,brains,not bloodfed
SRR1167543,10-16 days,RNA-Seq,202,7289894574,MR4 stock # MRA-735,PRJNA236239,SAMN02628927,Model organism or animal,not bloodfed,4973355257,ROCKEFELLER UNIVERSITY,2012-10,public,"fastq,sra","gs,ncbi,s3","gs.US,ncbi.public,s3.us-east-1",adult,SRX468756,Illumina HiSeq 2000,Ma_Br_1.1,PAIRED,PolyA,TRANSCRIPTOMIC,mated,Aedes aegypti,ILLUMINA,2014-02-13T00:00:00Z,1,Ma_Br_1,dissected tissue,male,SRP037535,LVPIB12,brains,not bloodfed
SRR1167544,10-16 days,RNA-Seq,202,7690300590,MR4 stock # MRA-735,PRJNA236239,SAMN02628928,Model organism or animal,not bloodfed,5282408006,ROCKEFELLER UNIVERSITY,2012-10,public,"fastq,sra","gs,ncbi,s3","gs.US,ncbi.public,s3.us-east-1",adult,SRX468757,Illumina HiSeq 2000,Ma_Br_2.2,PAIRED,PolyA,TRANSCRIPTOMIC,mated,Aedes aegypti,ILLUMINA,2014-02-13T00:00:00Z,2,Ma_Br_2,dissected tissue,male,SRP037535,LVPIB12,brains,not bloodfed
SRR1167545,10-16 days,RNA-Seq,202,8346796954,MR4 stock # MRA-735,PRJNA236239,SAMN02628928,Model organism or animal,not bloodfed,5733969848,ROCKEFELLER UNIVERSITY,2012-10,public,"fastq,sra","gs,ncbi,s3","gs.US,ncbi.public,s3.us-east-1",adult,SRX468758,Illumina HiSeq 2000,Ma_Br_2.1,PAIRED,PolyA,TRANSCRIPTOMIC,mated,Aedes aegypti,ILLUMINA,2014-02-13T00:00:00Z,2,Ma_Br_2,dissected tissue,male,SRP037535,LVPIB12,brains,not bloodfed
SRR1167546,10-16 days,RNA-Seq,202,9925099512,MR4 stock # MRA-735,PRJNA236239,SAMN02628929,Model organism or animal,not bloodfed,6836007058,ROCKEFELLER UNIVERSITY,2012-10,public,"fastq,sra","gs,ncbi,s3","gs.US,ncbi.public,s3.us-east-1",adult,SRX468759,Illumina HiSeq 2000,Ma_Br_3.2,PAIRED,PolyA,TRANSCRIPTOMIC,mated,Aedes aegypti,ILLUMINA,2014-02-13T00:00:00Z,3,Ma_Br_3,dissected tissue,male,SRP037535,LVPIB12,brains,not bloodfed
SRR1167547,10-16 days,RNA-Seq,202,10664159134,MR4 stock # MRA-735,PRJNA236239,SAMN02628929,Model organism or animal,not bloodfed,7356407505,ROCKEFELLER UNIVERSITY,2012-10,public,"fastq,sra","gs,ncbi,s3","gs.US,ncbi.public,s3.us-east-1",adult,SRX468760,Illumina HiSeq 2000,Ma_Br_3.1,PAIRED,PolyA,TRANSCRIPTOMIC,mated,Aedes aegypti,ILLUMINA,2014-02-13T00:00:00Z,3,Ma_Br_3,dissected tissue,male,SRP037535,LVPIB12,brains,not bloodfed
SRR1167548,10-16 days,RNA-Seq,202,9139613826,MR4 stock # MRA-735,PRJNA236239,SAMN02628930,Model organism or animal,not bloodfed,5879301729,ROCKEFELLER UNIVERSITY,2012-10,public,"fastq,sra","gs,ncbi,s3","gs.US,ncbi.public,s3.us-east-1",adult,SRX468761,Illumina HiSeq 2000,Ma_An_1.2,PAIRED,PolyA,TRANSCRIPTOMIC,mated,Aedes aegypti,ILLUMINA,2014-02-13T00:00:00Z,1,Ma_An_1,dissected tissue,male,SRP037535,LVPIB12,antennae,not bloodfed
SRR1167549,10-16 days,RNA-Seq,202,9142764420,MR4 stock # MRA-735,PRJNA236239,SAMN02628930,Model organism or animal,not bloodfed,5875582033,ROCKEFELLER UNIVERSITY,2012-10,public,"fastq,sra","gs,ncbi,s3","gs.US,ncbi.public,s3.us-east-1",adult,SRX468762,Illumina HiSeq 2000,Ma_An_1.1,PAIRED,PolyA,TRANSCRIPTOMIC,mated,Aedes aegypti,ILLUMINA,2014-02-13T00:00:00Z,1,Ma_An_1,dissected tissue,male,SRP037535,LVPIB12,antennae,not bloodfed
SRR1167550,10-16 days,RNA-Seq,202,11120004252,MR4 stock # MRA-735,PRJNA236239,SAMN02628931,Model organism or animal,not bloodfed,7140749801,ROCKEFELLER UNIVERSITY,2012-10,public,"fastq,sra","gs,ncbi,s3","gs.US,ncbi.public,s3.us-east-1",adult,SRX468763,Illumina HiSeq 2000,Ma_An_2.2,PAIRED,PolyA,TRANSCRIPTOMIC,mated,Aedes aegypti,ILLUMINA,2014-02-13T00:00:00Z,2,Ma_An_2,dissected tissue,male,SRP037535,LVPIB12,antennae,not bloodfed
SRR1167551,10-16 days,RNA-Seq,202,11008471366,MR4 stock # MRA-735,PRJNA236239,SAMN02628931,Model organism or animal,not bloodfed,7063288500,ROCKEFELLER UNIVERSITY,2012-10,public,"fastq,sra","gs,ncbi,s3","gs.US,ncbi.public,s3.us-east-1",adult,SRX468764,Illumina HiSeq 2000,Ma_An_2.1,PAIRED,PolyA,TRANSCRIPTOMIC,mated,Aedes aegypti,ILLUMINA,2014-02-13T00:00:00Z,2,Ma_An_2,dissected tissue,male,SRP037535,LVPIB12,antennae,not bloodfed
SRR1167553,10-16 days,RNA-Seq,202,9711791956,MR4 stock # MRA-735,PRJNA236239,SAMN02628932,Model organism or animal,not bloodfed,6226715685,ROCKEFELLER UNIVERSITY,2012-12,public,"fastq,sra","gs,ncbi,s3","gs.US,ncbi.public,s3.us-east-1",adult,SRX468766,Illumina HiSeq 2000,Ma_An_3.1,PAIRED,PolyA,TRANSCRIPTOMIC,mated,Aedes aegypti,ILLUMINA,2014-02-13T00:00:00Z,3,Ma_An_3,dissected tissue,male,SRP037535,LVPIB12,antennae,not bloodfed
SRR1167555,10-16 days,RNA-Seq,202,12590926842,MR4 stock # MRA-735,PRJNA236239,SAMN02628934,Model organism or animal,not bloodfed,7747853436,ROCKEFELLER UNIVERSITY,2012-04,public,"fastq,sra","gs,ncbi,s3","gs.US,ncbi.public,s3.us-east-1",adult,SRX468768,Illumina HiSeq 2000,Ma_FL_2,PAIRED,PolyA,TRANSCRIPTOMIC,mated,Aedes aegypti,ILLUMINA,2014-02-13T00:00:00Z,2,Ma_FL_2,dissected tissue,male,SRP037535,LVPIB12,forelegs,not bloodfed
SRR1167556,10-16 days,RNA-Seq,202,9253163682,MR4 stock # MRA-735,PRJNA236239,SAMN02628935,Model organism or animal,not bloodfed,5809998932,ROCKEFELLER UNIVERSITY,2012-04,public,"fastq,sra","gs,ncbi,s3","gs.US,ncbi.public,s3.us-east-1",adult,SRX468769,Illumina HiSeq 2000,Ma_FL_3,PAIRED,PolyA,TRANSCRIPTOMIC,mated,Aedes aegypti,ILLUMINA,2014-02-13T00:00:00Z,3,Ma_FL_3,dissected tissue,male,SRP037535,LVPIB12,forelegs,not bloodfed
SRR1167557,10-16 days,RNA-Seq,202,12868023574,MR4 stock # MRA-735,PRJNA236239,SAMN02628936,Model organism or animal,not bloodfed,7885238076,ROCKEFELLER UNIVERSITY,2012-04,public,"fastq,sra","gs,ncbi,s3","gs.US,ncbi.public,s3.us-east-1",adult,SRX468770,Illumina HiSeq 2000,Ma_HL_1,PAIRED,PolyA,TRANSCRIPTOMIC,mated,Aedes aegypti,ILLUMINA,2014-02-13T00:00:00Z,1,Ma_HL_1,dissected tissue,male,SRP037535,LVPIB12,hindlegs,not bloodfed
SRR1167558,10-16 days,RNA-Seq,202,11044178906,MR4 stock # MRA-735,PRJNA236239,SAMN02628937,Model organism or animal,not bloodfed,6788169668,ROCKEFELLER UNIVERSITY,2012-04,public,"fastq,sra","gs,ncbi,s3","gs.US,ncbi.public,s3.us-east-1",adult,SRX468771,Illumina HiSeq 2000,Ma_HL_2,PAIRED,PolyA,TRANSCRIPTOMIC,mated,Aedes aegypti,ILLUMINA,2014-02-13T00:00:00Z,2,Ma_HL_2,dissected tissue,male,SRP037535,LVPIB12,hindlegs,not bloodfed
SRR1167559,10-16 days,RNA-Seq,202,8566288336,MR4 stock # MRA-735,PRJNA236239,SAMN02628938,Model organism or animal,not bloodfed,5380850639,ROCKEFELLER UNIVERSITY,2012-04,public,"fastq,sra","gs,ncbi,s3","gs.US,ncbi.public,s3.us-east-1",adult,SRX468772,Illumina HiSeq 2000,Ma_HL_3,PAIRED,PolyA,TRANSCRIPTOMIC,mated,Aedes aegypti,ILLUMINA,2014-02-13T00:00:00Z,3,Ma_HL_3,dissected tissue,male,SRP037535,LVPIB12,hindlegs,not bloodfed
SRR1167560,10-16 days,RNA-Seq,202,10610774776,MR4 stock # MRA-735,PRJNA236239,SAMN02628941,Model organism or animal,not bloodfed,6587315662,ROCKEFELLER UNIVERSITY,2012-04,public,"fastq,sra","gs,ncbi,s3","gs.US,ncbi.public,s3.us-east-1",adult,SRX468773,Illumina HiSeq 2000,Ma_ML_1,PAIRED,PolyA,TRANSCRIPTOMIC,mated,Aedes aegypti,ILLUMINA,2014-02-13T00:00:00Z,1,Ma_ML_1,dissected tissue,male,SRP037535,LVPIB12,midlegs,not bloodfed
SRR1167561,10-16 days,RNA-Seq,202,12122568228,MR4 stock # MRA-735,PRJNA236239,SAMN02628942,Model organism or animal,not bloodfed,7510963227,ROCKEFELLER UNIVERSITY,2012-04,public,"fastq,sra","gs,ncbi,s3","gs.US,ncbi.public,s3.us-east-1",adult,SRX468774,Illumina HiSeq 2000,Ma_ML_2,PAIRED,PolyA,TRANSCRIPTOMIC,mated,Aedes aegypti,ILLUMINA,2014-02-13T00:00:00Z,2,Ma_ML_2,dissected tissue,male,SRP037535,LVPIB12,midlegs,not bloodfed
SRR1167562,10-16 days,RNA-Seq,202,9187666394,MR4 stock # MRA-735,PRJNA236239,SAMN02628943,Model organism or animal,not bloodfed,5764706868,ROCKEFELLER UNIVERSITY,2012-04,public,"fastq,sra","gs,ncbi,s3","gs.US,ncbi.public,s3.us-east-1",adult,SRX468775,Illumina HiSeq 2000,Ma_ML_3,PAIRED,PolyA,TRANSCRIPTOMIC,mated,Aedes aegypti,ILLUMINA,2014-02-13T00:00:00Z,3,Ma_ML_3,dissected tissue,male,SRP037535,LVPIB12,midlegs,not bloodfed
SRR1167563,10-16 days,RNA-Seq,202,14104355080,MR4 stock # MRA-735,PRJNA236239,SAMN02628944,Model organism or animal,not bloodfed,9237015157,ROCKEFELLER UNIVERSITY,2013-01,public,"fastq,sra","gs,ncbi,s3","gs.US,ncbi.public,s3.us-east-1",adult,SRX468776,Illumina HiSeq 2000,Ma_At_1.2,PAIRED,PolyA,TRANSCRIPTOMIC,mated,Aedes aegypti,ILLUMINA,2014-02-13T00:00:00Z,1,Ma_At_1,dissected tissue,male,SRP037535,LVPIB12,abdominal tips,not bloodfed
SRR1167564,10-16 days,RNA-Seq,202,14198234984,MR4 stock # MRA-735,PRJNA236239,SAMN02628944,Model organism or animal,not bloodfed,9307651007,ROCKEFELLER UNIVERSITY,2013-01,public,"fastq,sra","gs,ncbi,s3","gs.US,ncbi.public,s3.us-east-1",adult,SRX468777,Illumina HiSeq 2000,Ma_At_1.1,PAIRED,PolyA,TRANSCRIPTOMIC,mated,Aedes aegypti,ILLUMINA,2014-02-13T00:00:00Z,1,Ma_At_1,dissected tissue,male,SRP037535,LVPIB12,abdominal tips,not bloodfed
SRR1167565,10-16 days,RNA-Seq,202,9988359650,MR4 stock # MRA-735,PRJNA236239,SAMN02628945,Model organism or animal,not bloodfed,6549308358,ROCKEFELLER UNIVERSITY,2013-01,public,"fastq,sra","gs,ncbi,s3","gs.US,ncbi.public,s3.us-east-1",adult,SRX468778,Illumina HiSeq 2000,Ma_At_2.2,PAIRED,PolyA,TRANSCRIPTOMIC,mated,Aedes aegypti,ILLUMINA,2014-02-13T00:00:00Z,2,Ma_At_2,dissected tissue,male,SRP037535,LVPIB12,abdominal tips,not bloodfed
SRR1167567,10-16 days,RNA-Seq,202,9187401168,MR4 stock # MRA-735,PRJNA236239,SAMN02628946,Model organism or animal,not bloodfed,6017901437,ROCKEFELLER UNIVERSITY,2013-01,public,"fastq,sra","gs,ncbi,s3","gs.US,ncbi.public,s3.us-east-1",adult,SRX468780,Illumina HiSeq 2000,Ma_At_3.2,PAIRED,PolyA,TRANSCRIPTOMIC,mated,Aedes aegypti,ILLUMINA,2014-02-13T00:00:00Z,3,Ma_At_3,dissected tissue,male,SRP037535,LVPIB12,abdominal tips,not bloodfed
SRR1167568,10-16 days,RNA-Seq,202,9258948760,MR4 stock # MRA-735,PRJNA236239,SAMN02628946,Model organism or animal,not bloodfed,6070378860,ROCKEFELLER UNIVERSITY,2013-01,public,"fastq,sra","gs,ncbi,s3","gs.US,ncbi.public,s3.us-east-1",adult,SRX468781,Illumina HiSeq 2000,Ma_At_3.1,PAIRED,PolyA,TRANSCRIPTOMIC,mated,Aedes aegypti,ILLUMINA,2014-02-13T00:00:00Z,3,Ma_At_3,dissected tissue,male,SRP037535,LVPIB12,abdominal tips,not bloodfed
SRR1167499,10-16 days,RNA-Seq,152,3622291936,MR4 stock # MRA-735,PRJNA236239,SAMN02628824,Model organism or animal,not bloodfed,2187447145,ROCKEFELLER UNIVERSITY,2010-11,public,"fastq,sra","gs,ncbi,s3","gs.US,ncbi.public,s3.us-east-1",adult,SRX468712,Illumina Genome Analyzer IIx,Fe_An_SF_3.1,PAIRED,PolyA,TRANSCRIPTOMIC,mated,Aedes aegypti,ILLUMINA,2015-07-22T00:00:00Z,3,Fe_An_SF_3.1,dissected tissue,female,SRP037535,LVPIB12,antennae,not bloodfed
SRR1167514,10-16 days,RNA-Seq,202,36193390804,MR4 stock # MRA-735,PRJNA236239,SAMN02628846,Model organism or animal,not bloodfed,24537164630,ROCKEFELLER UNIVERSITY,2012-04,public,"fastq,sra","gs,ncbi,s3","gs.US,ncbi.public,s3.us-east-1",adult,SRX468727,Illumina HiSeq 2000,Fe_Os_SF_5,PAIRED,PolyA,TRANSCRIPTOMIC,mated,Aedes aegypti,ILLUMINA,2014-02-13T00:00:00Z,5,Fe_Os_SF_5,dissected tissue,female,SRP037535,LVPIB12,proboscises,not bloodfed
SRR1167491,10-16 days,RNA-Seq,101,25676675207,MR4 stock # MRA-735,PRJNA236239,SAMN02628939,Model organism or animal,not bloodfed,17305926318,ROCKEFELLER UNIVERSITY,2012-04,public,"fastq,sra","gs,ncbi,s3","gs.US,ncbi.public,s3.us-east-1",adult,SRX468853,Illumina HiSeq 2000,Ma_HL_4,SINGLE,PolyA,TRANSCRIPTOMIC,mated,Aedes aegypti,ILLUMINA,2014-02-13T00:00:00Z,4,Ma_HL_4,dissected tissue,male,SRP037535,LVPIB12,hindlegs,not bloodfed
SRR1167510,10-16 days,RNA-Seq,202,9801607620,MR4 stock # MRA-735,PRJNA236239,SAMN02628842,Model organism or animal,not bloodfed,5882577342,ROCKEFELLER UNIVERSITY,2011-10,public,"fastq,sra","gs,ncbi,s3","gs.US,ncbi.public,s3.us-east-1",adult,SRX468723,Illumina HiSeq 2000,Fe_Os_SF_1,PAIRED,PolyA,TRANSCRIPTOMIC,mated,Aedes aegypti,ILLUMINA,2014-02-13T00:00:00Z,1,Fe_Os_SF_1,dissected tissue,female,SRP037535,LVPIB12,proboscises,not bloodfed
SRR1167554,10-16 days,RNA-Seq,202,13940684580,MR4 stock # MRA-735,PRJNA236239,SAMN02628933,Model organism or animal,not bloodfed,8666306283,ROCKEFELLER UNIVERSITY,2012-04,public,"fastq,sra","gs,ncbi,s3","gs.US,ncbi.public,s3.us-east-1",adult,SRX468767,Illumina HiSeq 2000,Ma_FL_1,PAIRED,PolyA,TRANSCRIPTOMIC,mated,Aedes aegypti,ILLUMINA,2014-02-13T00:00:00Z,1,Ma_FL_1,dissected tissue,male,SRP037535,LVPIB12,forelegs,not bloodfed
SRR1167566,10-16 days,RNA-Seq,202,10057094190,MR4 stock # MRA-735,PRJNA236239,SAMN02628945,Model organism or animal,not bloodfed,6600323696,ROCKEFELLER UNIVERSITY,2013-01,public,"fastq,sra","gs,ncbi,s3","gs.US,ncbi.public,s3.us-east-1",adult,SRX468779,Illumina HiSeq 2000,Ma_At_2.1,PAIRED,PolyA,TRANSCRIPTOMIC,mated,Aedes aegypti,ILLUMINA,2014-02-13T00:00:00Z,2,Ma_At_2,dissected tissue,male,SRP037535,LVPIB12,abdominal tips,not bloodfed
SRR1166477,10-16 days,RNA-Seq,101,5063446534,MR4 stock # MRA-735,PRJNA236239,SAMN02628857,Model organism or animal,not bloodfed,3494377225,ROCKEFELLER UNIVERSITY,2011-12,public,"fastq,sra","gs,ncbi,s3","gs.US,ncbi.public,s3.us-east-1",adult,SRX468803,Illumina HiSeq 2000,Fe_HL_SF_5,SINGLE,PolyA,TRANSCRIPTOMIC,mated,Aedes aegypti,ILLUMINA,2014-02-13T00:00:00Z,5,Fe_HL_SF_5,dissected tissue,female,SRP037535,LVPIB12,hindlegs,not bloodfed
SRR1166489,10-16 days,RNA-Seq,101,5307796945,MR4 stock # MRA-735,PRJNA236239,SAMN02628872,Model organism or animal,48h post blood-meal,3216780794,ROCKEFELLER UNIVERSITY,2011-10,public,"fastq,sra","gs,ncbi,s3","gs.US,ncbi.public,s3.us-east-1",adult,SRX468815,Illumina HiSeq 2000,Fe_An_BF_1.2,SINGLE,PolyA,TRANSCRIPTOMIC,mated,Aedes aegypti,ILLUMINA,2014-02-13T00:00:00Z,1,Fe_An_BF_1,dissected tissue,female,SRP037535,LVPIB12,antennae,48h post blood-meal
SRR1166490,10-16 days,RNA-Seq,101,9730188904,MR4 stock # MRA-735,PRJNA236239,SAMN02628872,Model organism or animal,48h post blood-meal,6119847919,ROCKEFELLER UNIVERSITY,2011-10,public,"fastq,sra","gs,ncbi,s3","gs.US,ncbi.public,s3.us-east-1",adult,SRX468816,Illumina HiSeq 2000,Fe_An_BF_1.1,SINGLE,PolyA,TRANSCRIPTOMIC,mated,Aedes aegypti,ILLUMINA,2014-02-13T00:00:00Z,1,Fe_An_BF_1,dissected tissue,female,SRP037535,LVPIB12,antennae,48h post blood-meal
SRR1166497,10-16 days,RNA-Seq,101,7347379431,MR4 stock # MRA-735,PRJNA236239,SAMN02628879,Model organism or animal,48h post blood-meal,5111856313,ROCKEFELLER UNIVERSITY,2011-10,public,"fastq,sra","gs,ncbi,s3","gs.US,ncbi.public,s3.us-east-1",adult,SRX468823,Illumina HiSeq 2000,Fe_Br_BF_1,SINGLE,PolyA,TRANSCRIPTOMIC,mated,Aedes aegypti,ILLUMINA,2014-02-13T00:00:00Z,1,Fe_Br_BF_1,dissected tissue,female,SRP037535,LVPIB12,brains,48h post blood-meal
SRR1167471,10-16 days,RNA-Seq,101,6997454326,MR4 stock # MRA-735,PRJNA236239,SAMN02628894,Model organism or animal,96h post blood-meal,4894643249,ROCKEFELLER UNIVERSITY,2012-01,public,"fastq,sra","gs,ncbi,s3","gs.US,ncbi.public,s3.us-east-1",adult,SRX468833,Illumina HiSeq 2000,Fe_HL_O_8,SINGLE,PolyA,TRANSCRIPTOMIC,mated,Aedes aegypti,ILLUMINA,2014-02-13T00:00:00Z,8,Fe_HL_O_8,dissected tissue,female,SRP037535,LVPIB12,hindlegs,96h post blood-meal
SRR1167484,10-16 days,RNA-Seq,101,11640405742,MR4 stock # MRA-735,PRJNA236239,SAMN02628919,Model organism or animal,96h post blood-meal,7681922423,ROCKEFELLER UNIVERSITY,2011-11,public,"fastq,sra","gs,ncbi,s3","gs.US,ncbi.public,s3.us-east-1",adult,SRX468846,Illumina HiSeq 2000,Fe_Br_O_4,SINGLE,PolyA,TRANSCRIPTOMIC,mated,Aedes aegypti,ILLUMINA,2014-02-13T00:00:00Z,4,Fe_Br_O_4,dissected tissue,female,SRP037535,LVPIB12,brains,96h post blood-meal
SRR1167502,10-16 days,RNA-Seq,202,21050543826,MR4 stock # MRA-735,PRJNA236239,SAMN02628830,Model organism or animal,not bloodfed,13969168425,ROCKEFELLER UNIVERSITY,2011-09,public,"fastq,sra","gs,ncbi,s3","gs.US,ncbi.public,s3.us-east-1",adult,SRX468715,Illumina HiSeq 2000,Fe_Br_SF_1,PAIRED,PolyA,TRANSCRIPTOMIC,mated,Aedes aegypti,ILLUMINA,2014-02-13T00:00:00Z,1,Fe_Br_SF_1,dissected tissue,female,SRP037535,LVPIB12,brains,not bloodfed
SRR1167512,10-16 days,RNA-Seq,202,8983172098,MR4 stock # MRA-735,PRJNA236239,SAMN02628844,Model organism or animal,not bloodfed,5544446194,ROCKEFELLER UNIVERSITY,2011-10,public,"fastq,sra","gs,ncbi,s3","gs.US,ncbi.public,s3.us-east-1",adult,SRX468725,Illumina HiSeq 2000,Fe_Os_SF_3,PAIRED,PolyA,TRANSCRIPTOMIC,mated,Aedes aegypti,ILLUMINA,2014-02-13T00:00:00Z,3,Fe_Os_SF_3,dissected tissue,female,SRP037535,LVPIB12,proboscises,not bloodfed
SRR1167538,10-16 days,RNA-Seq,202,11971475662,MR4 stock # MRA-735,PRJNA236239,SAMN02628920,Model organism or animal,96h post blood-meal,7241272109,ROCKEFELLER UNIVERSITY,2011-11,public,"fastq,sra","gs,ncbi,s3","gs.US,ncbi.public,s3.us-east-1",adult,SRX468751,Illumina HiSeq 2000,Fe_Ov_O_1,PAIRED,PolyA,TRANSCRIPTOMIC,mated,Aedes aegypti,ILLUMINA,2014-02-13T00:00:00Z,1,Fe_Ov_O_1,dissected tissue,female,SRP037535,LVPIB12,ovaries,96h post blood-meal
SRR1167552,10-16 days,RNA-Seq,202,9468519922,MR4 stock # MRA-735,PRJNA236239,SAMN02628932,Model organism or animal,not bloodfed,6076209405,ROCKEFELLER UNIVERSITY,2012-12,public,"fastq,sra","gs,ncbi,s3","gs.US,ncbi.public,s3.us-east-1",adult,SRX468765,Illumina HiSeq 2000,Ma_An_3.2,PAIRED,PolyA,TRANSCRIPTOMIC,mated,Aedes aegypti,ILLUMINA,2014-02-13T00:00:00Z,3,Ma_An_3,dissected tissue,male,SRP037535,LVPIB12,antennae,not bloodfed
SRR1166458,10-16 days,RNA-Seq,101,8069463175,MR4 stock # MRA-735,PRJNA236239,SAMN02628826,Model organism or animal,not bloodfed,4872849932,ROCKEFELLER UNIVERSITY,2011-10,public,"fastq,sra","gs,ncbi,s3","gs.US,ncbi.public,s3.us-east-1",adult,SRX468784,Illumina HiSeq 2000,Fe_An_SF_5.2,SINGLE,PolyA,TRANSCRIPTOMIC,mated,Aedes aegypti,ILLUMINA,2014-02-13T00:00:00Z,5,Fe_An_SF_5,dissected tissue,female,SRP037535,LVPIB12,antennae,not bloodfed
SRR1166459,10-16 days,RNA-Seq,101,7572038983,MR4 stock # MRA-735,PRJNA236239,SAMN02628826,Model organism or animal,not bloodfed,4741739813,ROCKEFELLER UNIVERSITY,2011-10,public,"fastq,sra","gs,ncbi,s3","gs.US,ncbi.public,s3.us-east-1",adult,SRX468785,Illumina HiSeq 2000,Fe_An_SF_5.1,SINGLE,PolyA,TRANSCRIPTOMIC,mated,Aedes aegypti,ILLUMINA,2014-02-13T00:00:00Z,5,Fe_An_SF_5,dissected tissue,female,SRP037535,LVPIB12,antennae,not bloodfed
SRR1166460,10-16 days,RNA-Seq,101,13340951529,MR4 stock # MRA-735,PRJNA236239,SAMN02628827,Model organism or animal,not bloodfed,8758158485,ROCKEFELLER UNIVERSITY,2011-10,public,"fastq,sra","gs,ncbi,s3","gs.US,ncbi.public,s3.us-east-1",adult,SRX468786,Illumina HiSeq 2000,Fe_An_SF_6,SINGLE,PolyA,TRANSCRIPTOMIC,mated,Aedes aegypti,ILLUMINA,2014-02-13T00:00:00Z,6,Fe_An_SF_6,dissected tissue,female,SRP037535,LVPIB12,antennae,not bloodfed
SRR1166461,10-16 days,RNA-Seq,101,10502070294,MR4 stock # MRA-735,PRJNA236239,SAMN02628828,Model organism or animal,not bloodfed,6830431815,ROCKEFELLER UNIVERSITY,2011-10,public,"fastq,sra","gs,ncbi,s3","gs.US,ncbi.public,s3.us-east-1",adult,SRX468787,Illumina HiSeq 2000,Fe_An_SF_7,SINGLE,PolyA,TRANSCRIPTOMIC,mated,Aedes aegypti,ILLUMINA,2014-02-13T00:00:00Z,7,Fe_An_SF_7,dissected tissue,female,SRP037535,LVPIB12,antennae,not bloodfed
SRR1166462,10-16 days,RNA-Seq,101,9426811871,MR4 stock # MRA-735,PRJNA236239,SAMN02628829,Model organism or animal,not bloodfed,6105728731,ROCKEFELLER UNIVERSITY,2011-10,public,"fastq,sra","gs,ncbi,s3","gs.US,ncbi.public,s3.us-east-1",adult,SRX468788,Illumina HiSeq 2000,Fe_An_SF_8,SINGLE,PolyA,TRANSCRIPTOMIC,mated,Aedes aegypti,ILLUMINA,2014-02-13T00:00:00Z,8,Fe_An_SF_8,dissected tissue,female,SRP037535,LVPIB12,antennae,not bloodfed
SRR1166464,10-16 days,RNA-Seq,101,12769964290,MR4 stock # MRA-735,PRJNA236239,SAMN02628835,Model organism or animal,not bloodfed,8878395912,ROCKEFELLER UNIVERSITY,2011-10,public,"fastq,sra","gs,ncbi,s3","gs.US,ncbi.public,s3.us-east-1",adult,SRX468790,Illumina HiSeq 2000,Fe_Br_SF_6,SINGLE,PolyA,TRANSCRIPTOMIC,mated,Aedes aegypti,ILLUMINA,2014-02-13T00:00:00Z,6,Fe_Br_SF_6,dissected tissue,female,SRP037535,LVPIB12,brains,not bloodfed
SRR1166465,10-16 days,RNA-Seq,101,7793316348,MR4 stock # MRA-735,PRJNA236239,SAMN02628836,Model organism or animal,not bloodfed,5409653037,ROCKEFELLER UNIVERSITY,2011-10,public,"fastq,sra","gs,ncbi,s3","gs.US,ncbi.public,s3.us-east-1",adult,SRX468791,Illumina HiSeq 2000,Fe_Br_SF_7,SINGLE,PolyA,TRANSCRIPTOMIC,mated,Aedes aegypti,ILLUMINA,2014-02-13T00:00:00Z,7,Fe_Br_SF_7,dissected tissue,female,SRP037535,LVPIB12,brains,not bloodfed
SRR1166467,10-16 days,RNA-Seq,101,11692915844,MR4 stock # MRA-735,PRJNA236239,SAMN02628847,Model organism or animal,not bloodfed,7625165500,ROCKEFELLER UNIVERSITY,2011-11,public,"fastq,sra","gs,ncbi,s3","gs.US,ncbi.public,s3.us-east-1",adult,SRX468793,Illumina HiSeq 2000,Fe_Rs_SF_1,SINGLE,PolyA,TRANSCRIPTOMIC,mated,Aedes aegypti,ILLUMINA,2014-02-13T00:00:00Z,1,Fe_Rs_SF_1,dissected tissue,female,SRP037535,LVPIB12,rostrums,not bloodfed
SRR1166468,10-16 days,RNA-Seq,101,5850229666,MR4 stock # MRA-735,PRJNA236239,SAMN02628848,Model organism or animal,not bloodfed,3878045770,ROCKEFELLER UNIVERSITY,2011-12,public,"fastq,sra","gs,ncbi,s3","gs.US,ncbi.public,s3.us-east-1",adult,SRX468794,Illumina HiSeq 2000,Fe_Rs_SF_2,SINGLE,PolyA,TRANSCRIPTOMIC,mated,Aedes aegypti,ILLUMINA,2014-02-13T00:00:00Z,2,Fe_Rs_SF_2,dissected tissue,female,SRP037535,LVPIB12,rostrums,not bloodfed
SRR1166473,10-16 days,RNA-Seq,101,26063232103,MR4 stock # MRA-735,PRJNA236239,SAMN02628853,Model organism or animal,not bloodfed,17591095308,ROCKEFELLER UNIVERSITY,2011-12,public,"fastq,sra","gs,ncbi,s3","gs.US,ncbi.public,s3.us-east-1",adult,SRX468799,Illumina HiSeq 2000,Fe_HL_SF_1,SINGLE,PolyA,TRANSCRIPTOMIC,mated,Aedes aegypti,ILLUMINA,2014-02-13T00:00:00Z,1,Fe_HL_SF_1,dissected tissue,female,SRP037535,LVPIB12,hindlegs,not bloodfed
SRR1166475,10-16 days,RNA-Seq,101,7175962433,MR4 stock # MRA-735,PRJNA236239,SAMN02628855,Model organism or animal,not bloodfed,4795232840,ROCKEFELLER UNIVERSITY,2011-12,public,"fastq,sra","gs,ncbi,s3","gs.US,ncbi.public,s3.us-east-1",adult,SRX468801,Illumina HiSeq 2000,Fe_HL_SF_3,SINGLE,PolyA,TRANSCRIPTOMIC,mated,Aedes aegypti,ILLUMINA,2014-02-13T00:00:00Z,3,Fe_HL_SF_3,dissected tissue,female,SRP037535,LVPIB12,hindlegs,not bloodfed
SRR1166478,10-16 days,RNA-Seq,101,21589832316,MR4 stock # MRA-735,PRJNA236239,SAMN02628858,Model organism or animal,not bloodfed,14508984235,ROCKEFELLER UNIVERSITY,2011-12,public,"fastq,sra","gs,ncbi,s3","gs.US,ncbi.public,s3.us-east-1",adult,SRX468804,Illumina HiSeq 2000,Fe_HL_SF_6,SINGLE,PolyA,TRANSCRIPTOMIC,mated,Aedes aegypti,ILLUMINA,2014-02-13T00:00:00Z,6,Fe_HL_SF_6,dissected tissue,female,SRP037535,LVPIB12,hindlegs,not bloodfed
SRR1166482,10-16 days,RNA-Seq,101,5633298028,MR4 stock # MRA-735,PRJNA236239,SAMN02628862,Model organism or animal,not bloodfed,3871574452,ROCKEFELLER UNIVERSITY,2013-01,public,"fastq,sra","gs,ncbi,s3","gs.US,ncbi.public,s3.us-east-1",adult,SRX468808,Illumina HiSeq 2000,Fe_FL_SF_1,SINGLE,PolyA,TRANSCRIPTOMIC,mated,Aedes aegypti,ILLUMINA,2014-02-13T00:00:00Z,1,Fe_FL_SF_1,dissected tissue,female,SRP037535,LVPIB12,forelegs,not bloodfed
SRR1166484,10-16 days,RNA-Seq,101,13467468674,MR4 stock # MRA-735,PRJNA236239,SAMN02628864,Model organism or animal,not bloodfed,9276031229,ROCKEFELLER UNIVERSITY,2013-01,public,"fastq,sra","gs,ncbi,s3","gs.US,ncbi.public,s3.us-east-1",adult,SRX468810,Illumina HiSeq 2000,Fe_FL_SF_3,SINGLE,PolyA,TRANSCRIPTOMIC,mated,Aedes aegypti,ILLUMINA,2014-02-13T00:00:00Z,3,Fe_FL_SF_3,dissected tissue,female,SRP037535,LVPIB12,forelegs,not bloodfed
SRR1166485,10-16 days,RNA-Seq,101,5828005424,MR4 stock # MRA-735,PRJNA236239,SAMN02628868,Model organism or animal,48h post blood-meal,3833263006,ROCKEFELLER UNIVERSITY,2012-01,public,"fastq,sra","gs,ncbi,s3","gs.US,ncbi.public,s3.us-east-1",adult,SRX468811,Illumina HiSeq 2000,Fe_HL_BF_1,SINGLE,PolyA,TRANSCRIPTOMIC,mated,Aedes aegypti,ILLUMINA,2014-02-13T00:00:00Z,1,Fe_HL_BF_1,dissected tissue,female,SRP037535,LVPIB12,hindlegs,48h post blood-meal
SRR1166486,10-16 days,RNA-Seq,101,8405332716,MR4 stock # MRA-735,PRJNA236239,SAMN02628869,Model organism or animal,48h post blood-meal,5621538730,ROCKEFELLER UNIVERSITY,2012-01,public,"fastq,sra","gs,ncbi,s3","gs.US,ncbi.public,s3.us-east-1",adult,SRX468812,Illumina HiSeq 2000,Fe_HL_BF_2,SINGLE,PolyA,TRANSCRIPTOMIC,mated,Aedes aegypti,ILLUMINA,2014-02-13T00:00:00Z,2,Fe_HL_BF_2,dissected tissue,female,SRP037535,LVPIB12,hindlegs,48h post blood-meal
SRR1166487,10-16 days,RNA-Seq,101,6724962588,MR4 stock # MRA-735,PRJNA236239,SAMN02628870,Model organism or animal,48h post blood-meal,4723340502,ROCKEFELLER UNIVERSITY,2012-01,public,"fastq,sra","gs,ncbi,s3","gs.US,ncbi.public,s3.us-east-1",adult,SRX468813,Illumina HiSeq 2000,Fe_HL_BF_3,SINGLE,PolyA,TRANSCRIPTOMIC,mated,Aedes aegypti,ILLUMINA,2014-02-13T00:00:00Z,3,Fe_HL_BF_3,dissected tissue,female,SRP037535,LVPIB12,hindlegs,48h post blood-meal
SRR1166488,10-16 days,RNA-Seq,101,12688255694,MR4 stock # MRA-735,PRJNA236239,SAMN02628871,Model organism or animal,48h post blood-meal,8744942214,ROCKEFELLER UNIVERSITY,2012-01,public,"fastq,sra","gs,ncbi,s3","gs.US,ncbi.public,s3.us-east-1",adult,SRX468814,Illumina HiSeq 2000,Fe_HL_BF_4,SINGLE,PolyA,TRANSCRIPTOMIC,mated,Aedes aegypti,ILLUMINA,2014-02-13T00:00:00Z,4,Fe_HL_BF_4,dissected tissue,female,SRP037535,LVPIB12,hindlegs,48h post blood-meal
SRR1166492,10-16 days,RNA-Seq,101,9853834316,MR4 stock # MRA-735,PRJNA236239,SAMN02628874,Model organism or animal,48h post blood-meal,6395361479,ROCKEFELLER UNIVERSITY,2011-10,public,"fastq,sra","gs,ncbi,s3","gs.US,ncbi.public,s3.us-east-1",adult,SRX468818,Illumina HiSeq 2000,Fe_An_BF_3,SINGLE,PolyA,TRANSCRIPTOMIC,mated,Aedes aegypti,ILLUMINA,2014-02-13T00:00:00Z,3,Fe_An_BF_3,dissected tissue,female,SRP037535,LVPIB12,antennae,48h post blood-meal
SRR1166493,10-16 days,RNA-Seq,101,8977899494,MR4 stock # MRA-735,PRJNA236239,SAMN02628875,Model organism or animal,48h post blood-meal,5809707839,ROCKEFELLER UNIVERSITY,2011-10,public,"fastq,sra","gs,ncbi,s3","gs.US,ncbi.public,s3.us-east-1",adult,SRX468819,Illumina HiSeq 2000,Fe_An_BF_4,SINGLE,PolyA,TRANSCRIPTOMIC,mated,Aedes aegypti,ILLUMINA,2014-02-13T00:00:00Z,4,Fe_An_BF_4,dissected tissue,female,SRP037535,LVPIB12,antennae,48h post blood-meal
SRR1166499,10-16 days,RNA-Seq,101,11935947700,MR4 stock # MRA-735,PRJNA236239,SAMN02628881,Model organism or animal,48h post blood-meal,8264609674,ROCKEFELLER UNIVERSITY,2011-10,public,"fastq,sra","gs,ncbi,s3","gs.US,ncbi.public,s3.us-east-1",adult,SRX468825,Illumina HiSeq 2000,Fe_Br_BF_3,SINGLE,PolyA,TRANSCRIPTOMIC,mated,Aedes aegypti,ILLUMINA,2014-02-13T00:00:00Z,3,Fe_Br_BF_3,dissected tissue,female,SRP037535,LVPIB12,brains,48h post blood-meal
SRR1166501,10-16 days,RNA-Seq,101,10504128270,MR4 stock # MRA-735,PRJNA236239,SAMN02628883,Model organism or animal,96h post blood-meal,7037896259,ROCKEFELLER UNIVERSITY,2011-11,public,"fastq,sra","gs,ncbi,s3","gs.US,ncbi.public,s3.us-east-1",adult,SRX468827,Illumina HiSeq 2000,Fe_An_O_1,SINGLE,PolyA,TRANSCRIPTOMIC,mated,Aedes aegypti,ILLUMINA,2014-02-13T00:00:00Z,1,Fe_An_O_1,dissected tissue,female,SRP037535,LVPIB12,antennae,96h post blood-meal
