structure,domain,secondary,Dmel_Seq,alignment
399,OSK,,I,1270
400,OSK,,L,1271
401,OSK,,T,1272
402,OSK,,S,1273
403,OSK,,G,1274
404,OSK,,T,1275
405,OSK,,Y,1276
406,OSK,Alpha1,N,1277
407,OSK,Alpha1,D,1278
408,OSK,Alpha1,S,1279
409,OSK,Alpha1,L,1280
410,OSK,Alpha1,L,1281
411,OSK,Alpha1,T,1282
412,OSK,,I,1283
413,OSK,,N,1285
414,OSK,,S,1286
415,OSK,,D,1335
416,OSK,,Y,1336
417,OSK,,D,1337
418,OSK,,A,1339
419,OSK,,Y,1340
420,OSK,,L,1341
421,OSK,,L,1342
422,OSK,,D,1344
423,OSK,Beta1,F,1345
424,OSK,Beta1,P,1346
425,OSK,Beta1,L,1347
426,OSK,Beta1,M,1348
427,OSK,Beta1,G,1349
428,OSK,Alpha2,D,1350
429,OSK,Alpha2,D,1351
430,OSK,Alpha2,F,1352
431,OSK,Alpha2,M,1353
432,OSK,Alpha2,L,1354
433,OSK,Alpha2,Y,1355
434,OSK,Alpha2,L,1356
435,OSK,Alpha2,A,1357
436,OSK,Alpha2,R,1358
437,OSK,Alpha2,M,1362
438,OSK,Alpha2,E,1363
439,OSK,Alpha2,L,1365
440,OSK,,K,1366
441,OSK,,C,1367
442,OSK,,R,1370
443,OSK,,F,1371
444,OSK,,R,1372
445,OSK,,R,1373
446,OSK,,H,1374
447,OSK,,E,1380
448,OSK,,R,1381
449,OSK,,V,1382
450,OSK,,L,1383
451,OSK,Beta2,Q,1384
452,OSK,Beta2,S,1385
453,OSK,,G,1388
454,OSK,Beta3,L,1389
455,OSK,Beta3,C,1390
456,OSK,Beta3,V,1392
457,OSK,,S,1393
458,OSK,,G,1394
459,OSK,,L,1395
460,OSK,Alpha3,T,1396
461,OSK,Alpha3,I,1397
462,OSK,Alpha3,N,1398
463,OSK,Alpha3,G,1399
464,OSK,Alpha3,A,1400
465,OSK,Alpha3,R,1401
466,OSK,Alpha3,N,1402
467,OSK,Alpha3,R,1403
468,OSK,Alpha3,L,1404
469,OSK,Alpha3,K,1408
470,OSK,Alpha3,R,1409
471,OSK,,V,1412
472,OSK,,Q,1413
473,OSK,,L,1414
474,OSK,,P,1415
475,OSK,,E,1416
476,OSK,,G,1417
477,OSK,,T,1418
478,OSK,Beta4,Q,1419
479,OSK,Beta4,I,1420
480,OSK,Beta4,I,1421
481,OSK,Beta4,V,1422
482,OSK,Beta4,N,1423
483,OSK,,I,1426
484,OSK,Alpha4,G,1427
485,OSK,Alpha4,S,1428
486,OSK,Alpha4,V,1429
487,OSK,Alpha4,D,1430
488,OSK,Alpha4,I,1431
489,OSK,Alpha4,M,1432
490,OSK,Alpha4,R,1494
491,OSK,,G,1497
492,OSK,,K,1498
493,OSK,Alpha5,P,1499
494,OSK,Alpha5,L,1500
495,OSK,Alpha5,V,1501
496,OSK,Alpha5,Q,1502
497,OSK,Alpha5,I,1503
498,OSK,Alpha5,E,1504
499,OSK,Alpha5,H,1505
500,OSK,Alpha5,D,1506
501,OSK,Alpha5,F,1507
502,OSK,Alpha5,R,1508
503,OSK,Alpha5,L,1509
504,OSK,Alpha5,L,1510
505,OSK,Alpha5,I,1511
506,OSK,Alpha5,K,1512
507,OSK,Alpha5,E,1513
508,OSK,Alpha5,M,1514
509,OSK,Alpha5,H,1515
510,OSK,Alpha5,N,1516
511,OSK,Alpha5,M,1517
512,OSK,,R,1522
513,OSK,,L,1523
514,OSK,Beta5,V,1524
515,OSK,Beta5,P,1525
516,OSK,Beta5,I,1526
517,OSK,Beta5,L,1545
518,OSK,Beta5,T,1546
519,OSK,,N,1547
520,OSK,,L,1548
521,OSK,,A,1549
522,OSK,,P,1550
523,OSK,Alpha6,L,1551
524,OSK,Alpha6,G,1553
525,OSK,Alpha6,N,1554
526,OSK,Alpha6,Y,1555
527,OSK,Alpha6,C,1556
528,OSK,,H,1572
529,OSK,Alpha7,D,1573
530,OSK,Alpha7,K,1574
531,OSK,Alpha7,V,1575
532,OSK,Alpha7,L,1578
533,OSK,Alpha7,C,1579
534,OSK,Alpha7,D,1580
535,OSK,Alpha7,K,1581
536,OSK,Alpha7,I,1582
537,OSK,Alpha7,Y,1583
538,OSK,Alpha7,R,1584
539,OSK,Alpha7,F,1585
540,OSK,Alpha7,N,1598
541,OSK,Alpha7,K,1599
542,OSK,Alpha7,F,1603
543,OSK,Alpha7,I,1604
544,OSK,Alpha7,R,1605
545,OSK,Alpha7,S,1606
546,OSK,Alpha7,E,1607
547,OSK,Alpha7,C,1608
548,OSK,,C,1637
549,OSK,,H,1638
550,OSK,,L,1670
551,OSK,,K,1671
552,OSK,,V,1672
553,OSK,,I,1673
554,OSK,,D,1674
555,OSK,,I,1678
556,OSK,,H,1679
557,OSK,,S,1680
558,OSK,,C,1681
559,OSK,,L,1682
560,OSK,,I,1683
561,OSK,,N,1695
562,OSK,,E,1698
563,OSK,,R,1699
564,OSK,,G,1700
565,OSK,,V,1704
566,OSK,,V,1705
567,OSK,,R,1706
568,OSK,,F,1707
569,OSK,,D,1708
570,OSK,,C,1710
571,OSK,,F,1711
572,OSK,,Q,1712
573,OSK,,A,1744
574,OSK,,S,1837
575,OSK,,P,1838
576,OSK,,R,1839
577,OSK,,Q,1840
578,OSK,,V,1841
579,OSK,,T,1847
580,OSK,,G,1848
581,OSK,,S,1849
582,OSK,,K,1850
583,OSK,,E,1851
584,OSK,,P,1852
585,OSK,,Y,1857
586,OSK,,L,1858
587,OSK,,F,1865
588,OSK,,W,1868
589,OSK,Alpha8,N,1898
590,OSK,Alpha8,K,1899
591,OSK,Alpha8,I,1900
592,OSK,Alpha8,G,1901
593,OSK,Alpha8,R,1912
594,OSK,Alpha8,Q,1913
595,OSK,Alpha8,R,1914
596,OSK,Alpha8,V,1915
597,OSK,Alpha8,L,1921
598,OSK,Alpha8,Q,1922
599,OSK,Alpha8,V,1923
600,OSK,Alpha8,I,1924
601,OSK,Alpha8,E,1925
602,OSK,Alpha8,T,1926
603,OSK,Alpha8,S,1927
604,OSK,,L,2273
605,OSK,,E,2274
606,OSK,,Y,2275
146,LOTUSVASA,Alpha1,Y,456
147,LOTUSVASA,Alpha1,I,457
148,LOTUSVASA,Alpha1,S,458
149,LOTUSVASA,Alpha1,V,459
150,LOTUSVASA,Alpha1,R,460
151,LOTUSVASA,Alpha1,E,461
152,LOTUSVASA,Alpha1,E,462
153,LOTUSVASA,Alpha1,Y,463
154,LOTUSVASA,,P,464
155,LOTUSVASA,Alpha2,D,465
156,LOTUSVASA,Alpha2,I,466
157,LOTUSVASA,Alpha2,D,467
158,LOTUSVASA,Alpha2,S,468
159,LOTUSVASA,Alpha2,E,469
160,LOTUSVASA,Alpha2,V,471
161,LOTUSVASA,Alpha2,R,472
162,LOTUSVASA,Alpha2,A,473
163,LOTUSVASA,Alpha2,I,474
164,LOTUSVASA,Alpha2,L,475
165,LOTUSVASA,Alpha2,L,478
166,LOTUSVASA,Alpha2,S,479
167,LOTUSVASA,Alpha2,H,480
168,LOTUSVASA,,A,481
169,LOTUSVASA,,Q,482
170,LOTUSVASA,,N,483
171,LOTUSVASA,,G,484
172,LOTUSVASA,,I,486
173,LOTUSVASA,Alpha3,T,487
174,LOTUSVASA,Alpha3,I,488
175,LOTUSVASA,Alpha3,S,489
176,LOTUSVASA,Alpha3,S,492
177,LOTUSVASA,Alpha3,I,493
178,LOTUSVASA,Alpha3,K,494
179,LOTUSVASA,Alpha3,S,530
180,LOTUSVASA,Alpha3,E,531
181,LOTUSVASA,Alpha3,Y,532
182,LOTUSVASA,Alpha3,R,533
183,LOTUSVASA,Alpha3,K,534
184,LOTUSVASA,Alpha3,L,539
185,LOTUSVASA,Alpha3,T,540
186,LOTUSVASA,Alpha3,G,541
187,LOTUSVASA,,N,542
188,LOTUSVASA,,P,543
189,LOTUSVASA,,F,545
190,LOTUSVASA,,P,546
191,LOTUSVASA,,L,555
192,LOTUSVASA,,H,556
193,LOTUSVASA,,D,557
194,LOTUSVASA,Alpha4,N,558
195,LOTUSVASA,Alpha4,V,559
196,LOTUSVASA,Alpha4,T,560
197,LOTUSVASA,Alpha4,D,561
198,LOTUSVASA,Alpha4,F,562
199,LOTUSVASA,Alpha4,L,563
200,LOTUSVASA,Alpha4,L,564
201,LOTUSVASA,,T,565
202,LOTUSVASA,,I,568
203,LOTUSVASA,,P,569
204,LOTUSVASA,,N,570
205,LOTUSVASA,Beta1,V,571
206,LOTUSVASA,Beta1,T,572
207,LOTUSVASA,Beta1,A,573
208,LOTUSVASA,Beta1,E,574
209,LOTUSVASA,Beta1,C,576
210,LOTUSVASA,,S,577
211,LOTUSVASA,,E,578
212,LOTUSVASA,,S,580
213,LOTUSVASA,,G,581
214,LOTUSVASA,,K,582
215,LOTUSVASA,Beta2,R,583
216,LOTUSVASA,Beta2,I,584
217,LOTUSVASA,Beta2,F,585
218,LOTUSVASA,Beta2,N,586
219,LOTUSVASA,Beta2,L,587
220,LOTUSVASA,,K,588
221,LOTUSVASA,,A,591
222,LOTUSVASA,,S,592
223,LOTUSVASA,,L,593
224,LOTUSVASA,,K,594
225,LOTUSVASA,Alpha5,N,595
226,LOTUSVASA,Alpha5,G,596
227,LOTUSVASA,Alpha5,H,597
228,LOTUSVASA,Alpha5,L,598
229,LOTUSVASA,Alpha5,L,599
230,LOTUSVASA,Alpha5,D,600
231,LOTUSVASA,Alpha5,M,604
232,LOTUSVASA,Alpha5,V,605
233,LOTUSVASA,Alpha5,L,606
234,LOTUSVASA,Alpha5,N,607
235,LOTUSVASA,,Q,608
236,LOTUSVASA,,K,609
237,LOTUSVASA,,E,610
