structure,domain,Dmel_Seq
399,OSK,I
400,OSK,L
401,OSK,T
402,OSK,S
403,OSK,G
404,OSK,T
405,OSK,Y
406,OSK,N
407,OSK,D
408,OSK,S
409,OSK,L
410,OSK,L
411,OSK,T
412,OSK,I
413,OSK,N
414,OSK,S
415,OSK,D
416,OSK,Y
417,OSK,D
418,OSK,A
419,OSK,Y
420,OSK,L
421,OSK,L
422,OSK,D
423,OSK,F
424,OSK,P
425,OSK,L
426,OSK,M
427,OSK,G
428,OSK,D
429,OSK,D
430,OSK,F
431,OSK,M
432,OSK,L
433,OSK,Y
434,OSK,L
435,OSK,A
436,OSK,R
437,OSK,M
438,OSK,E
439,OSK,L
440,OSK,K
441,OSK,C
442,OSK,R
443,OSK,F
444,OSK,R
445,OSK,R
446,OSK,H
447,OSK,E
448,OSK,R
449,OSK,V
450,OSK,L
451,OSK,Q
452,OSK,S
453,OSK,G
454,OSK,L
455,OSK,C
456,OSK,V
457,OSK,S
458,OSK,G
459,OSK,L
460,OSK,T
461,OSK,I
462,OSK,N
463,OSK,G
464,OSK,A
465,OSK,R
466,OSK,N
467,OSK,R
468,OSK,L
469,OSK,K
470,OSK,R
471,OSK,V
472,OSK,Q
473,OSK,L
474,OSK,P
475,OSK,E
476,OSK,G
477,OSK,T
478,OSK,Q
479,OSK,I
480,OSK,I
481,OSK,V
482,OSK,N
483,OSK,I
484,OSK,G
485,OSK,S
486,OSK,V
487,OSK,D
488,OSK,I
489,OSK,M
490,OSK,R
491,OSK,G
492,OSK,K
493,OSK,P
494,OSK,L
495,OSK,V
496,OSK,Q
497,OSK,I
498,OSK,E
499,OSK,H
500,OSK,D
501,OSK,F
502,OSK,R
503,OSK,L
504,OSK,L
505,OSK,I
506,OSK,K
507,OSK,E
508,OSK,M
509,OSK,H
510,OSK,N
511,OSK,M
512,OSK,R
513,OSK,L
514,OSK,V
515,OSK,P
516,OSK,I
517,OSK,L
518,OSK,T
519,OSK,N
520,OSK,L
521,OSK,A
522,OSK,P
523,OSK,L
524,OSK,G
525,OSK,N
526,OSK,Y
527,OSK,C
528,OSK,H
529,OSK,D
530,OSK,K
531,OSK,V
532,OSK,L
533,OSK,C
534,OSK,D
535,OSK,K
536,OSK,I
537,OSK,Y
538,OSK,R
539,OSK,F
540,OSK,N
541,OSK,K
542,OSK,F
543,OSK,I
544,OSK,R
545,OSK,S
546,OSK,E
547,OSK,C
548,OSK,C
549,OSK,H
550,OSK,L
551,OSK,K
552,OSK,V
553,OSK,I
554,OSK,D
555,OSK,I
556,OSK,H
557,OSK,S
558,OSK,C
559,OSK,L
560,OSK,I
561,OSK,N
562,OSK,E
563,OSK,R
564,OSK,G
565,OSK,V
566,OSK,V
567,OSK,R
568,OSK,F
569,OSK,D
570,OSK,C
571,OSK,F
572,OSK,Q
573,OSK,A
574,OSK,S
575,OSK,P
576,OSK,R
577,OSK,Q
578,OSK,V
579,OSK,T
580,OSK,G
581,OSK,S
582,OSK,K
583,OSK,E
584,OSK,P
585,OSK,Y
586,OSK,L
587,OSK,F
588,OSK,W
589,OSK,N
590,OSK,K
591,OSK,I
592,OSK,G
593,OSK,R
594,OSK,Q
595,OSK,R
596,OSK,V
597,OSK,L
598,OSK,Q
599,OSK,V
600,OSK,I
601,OSK,E
602,OSK,T
603,OSK,S
604,OSK,L
605,OSK,E
606,OSK,Y
146,LOTUSVASA,Y
147,LOTUSVASA,I
148,LOTUSVASA,S
149,LOTUSVASA,V
150,LOTUSVASA,R
151,LOTUSVASA,E
152,LOTUSVASA,E
153,LOTUSVASA,Y
154,LOTUSVASA,P
155,LOTUSVASA,D
156,LOTUSVASA,I
157,LOTUSVASA,D
158,LOTUSVASA,S
159,LOTUSVASA,E
160,LOTUSVASA,V
161,LOTUSVASA,R
162,LOTUSVASA,A
163,LOTUSVASA,I
164,LOTUSVASA,L
165,LOTUSVASA,L
166,LOTUSVASA,S
167,LOTUSVASA,H
168,LOTUSVASA,A
169,LOTUSVASA,Q
170,LOTUSVASA,N
171,LOTUSVASA,G
172,LOTUSVASA,I
173,LOTUSVASA,T
174,LOTUSVASA,I
175,LOTUSVASA,S
176,LOTUSVASA,S
177,LOTUSVASA,I
178,LOTUSVASA,K
179,LOTUSVASA,S
180,LOTUSVASA,E
181,LOTUSVASA,Y
182,LOTUSVASA,R
183,LOTUSVASA,K
184,LOTUSVASA,L
185,LOTUSVASA,T
186,LOTUSVASA,G
187,LOTUSVASA,N
188,LOTUSVASA,P
189,LOTUSVASA,F
190,LOTUSVASA,P
191,LOTUSVASA,L
192,LOTUSVASA,H
193,LOTUSVASA,D
194,LOTUSVASA,N
195,LOTUSVASA,V
196,LOTUSVASA,T
197,LOTUSVASA,D
198,LOTUSVASA,F
199,LOTUSVASA,L
200,LOTUSVASA,L
201,LOTUSVASA,T
202,LOTUSVASA,I
203,LOTUSVASA,P
204,LOTUSVASA,N
205,LOTUSVASA,V
206,LOTUSVASA,T
207,LOTUSVASA,A
208,LOTUSVASA,E
209,LOTUSVASA,C
210,LOTUSVASA,S
211,LOTUSVASA,E
212,LOTUSVASA,S
213,LOTUSVASA,G
214,LOTUSVASA,K
215,LOTUSVASA,R
216,LOTUSVASA,I
217,LOTUSVASA,F
218,LOTUSVASA,N
219,LOTUSVASA,L
220,LOTUSVASA,K
221,LOTUSVASA,A
222,LOTUSVASA,S
223,LOTUSVASA,L
224,LOTUSVASA,K
225,LOTUSVASA,N
226,LOTUSVASA,G
227,LOTUSVASA,H
228,LOTUSVASA,L
229,LOTUSVASA,L
230,LOTUSVASA,D
231,LOTUSVASA,M
232,LOTUSVASA,V
233,LOTUSVASA,L
234,LOTUSVASA,N
235,LOTUSVASA,Q
236,LOTUSVASA,K
237,LOTUSVASA,E
