genome_id,tax_id,species,family_id,family_name,order_id,order_name,bioproject,biosample,download_status,pgc_mode,augustus_model,lotus_hits,osk_hits,oskar_hits
GCA_002938485.2,7048,Sitophilus oryzae,7042.0,Curculionidae,7041,Coleoptera,PRJNA431034,SAMN08382431,True,Inheritance,tribolium_castaneum,"g193.t1,g5700.t1,g4606.t1,g8005.t1,g118.t1,g5667.t1,g4284.t1",None,None
GCA_008042575.1,94109,Drosophila watanabei,7214.0,Drosophilidae,7147,Diptera,PRJNA554346,SAMN12263407,True,Inheritance,fly,"g6282.t1,g3375.t1,g9812.t1",g6282.t1,g6282.t1
GCA_008042585.1,60717,Drosophila punjabiensis,7214.0,Drosophilidae,7147,Diptera,PRJNA554346,SAMN12263408,True,Inheritance,fly,"g2317.t1,g542.t1,g15816.t1","g2317.t1,g542.t1","g542.t1,g2317.t1"
GCA_008042535.1,137070,Drosophila tani,7214.0,Drosophilidae,7147,Diptera,PRJNA554346,SAMN12263411,True,Inheritance,fly,"g9342.t1,g551.t1,g552.t1,g6567.t1",g9342.t1,g9342.t1
GCA_008042715.1,103765,Drosophila bocki,7214.0,Drosophilidae,7147,Diptera,PRJNA554346,SAMN12263401,True,Inheritance,fly,"g13566.t1,g13387.t1,g10510.t1","g13566.t1,g9991.t1",g13566.t1
GCA_008044375.1,67534,Drosophila triauraria,7214.0,Drosophilidae,7147,Diptera,PRJNA554346,SAMN12263393,True,Inheritance,fly,"g14108.t1,g17522.t1",g14108.t1,g14108.t1
GCA_008042795.1,154832,Drosophila asahinai,7214.0,Drosophilidae,7147,Diptera,PRJNA554346,SAMN12263400,True,Inheritance,fly,"g10514.t1,g12525.t1,g12524.t1,g11852.t1",g10514.t1,g10514.t1
GCA_008044355.1,67531,Drosophila lacteicornis,7214.0,Drosophilidae,7147,Diptera,PRJNA554346,SAMN12263394,True,Inheritance,fly,"g9861.t1,g500.t1,g499.t1,g11707.t1",g9861.t1,g9861.t1
GCA_008042815.1,244254,Drosophila bunnanda,7214.0,Drosophilidae,7147,Diptera,PRJNA554346,SAMN12263395,True,Inheritance,fly,"g6665.t1,g13239.t1,g2083.t1",g6665.t1,g6665.t1
GCA_008042485.1,137074,Drosophila mayri,7214.0,Drosophilidae,7147,Diptera,PRJNA554346,SAMN12263412,True,Inheritance,fly,"g13723.t1,g7922.t1,g7715.t1","g13723.t1,g2917.t1",g13723.t1
GCA_008044435.1,67533,Drosophila rufa,7214.0,Drosophilidae,7147,Diptera,PRJNA554346,SAMN12263392,True,Inheritance,fly,"g4317.t1,g8308.t1,g8309.t1,g11090.t1","g4317.t1,g7807.t1",g4317.t1
GCA_008042695.1,111875,Drosophila jambulina,7214.0,Drosophilidae,7147,Diptera,PRJNA554346,SAMN12263402,True,Inheritance,fly,"g4469.t1,g11657.t1,g5609.t1","g4469.t1,g1770.t1",g4469.t1
GCA_008042655.1,137355,Drosophila burlai,7214.0,Drosophilidae,7147,Diptera,PRJNA554346,SAMN12263406,True,Inheritance,fly,"g8280.t1,g6229.t1","g8280.t1,g16386.t1",g8280.t1
GCA_008042635.1,73157,Drosophila nikananu,7214.0,Drosophilidae,7147,Diptera,PRJNA554346,SAMN12263404,True,Inheritance,fly,"g6827.t1,g7236.t1","g17641.t1,g6827.t1,g6780.t1",g6827.t1
GCA_008042775.1,359927,Drosophila pectinifera,7214.0,Drosophilidae,7147,Diptera,PRJNA554346,SAMN12263397,True,Inheritance,fly,"g10894.t1,g8932.t1,g8467.t1,g1707.t1","g10894.t1,g2197.t1",g10894.t1
GCA_008042615.1,47315,Drosophila auraria,7214.0,Drosophilidae,7147,Diptera,PRJNA554346,SAMN12263403,True,Inheritance,fly,"g1452.t1,g15353.t1,g1844.t1,g2906.t1","g1452.t1,g4011.t1",g1452.t1
GCA_008042735.1,109356,Drosophila leontia,7214.0,Drosophilidae,7147,Diptera,PRJNA554346,SAMN12263398,True,Inheritance,fly,"g2421.t1,g11988.t1,g17439.t1","g2421.t1,g17096.t1",g2421.t1
GCA_008042555.1,132243,Drosophila vulcana,7214.0,Drosophilidae,7147,Diptera,PRJNA554346,SAMN12263410,True,Inheritance,fly,"g16848.t1,g8113.t1","g16848.t1,g548.t1",g16848.t1
GCA_008044335.1,30018,Drosophila bakoue,7214.0,Drosophilidae,7147,Diptera,PRJNA554346,SAMN12263414,True,Inheritance,fly,"g7940.t1,g2540.t1,g808.t1","g7940.t1,g2786.t1",g7940.t1
GCA_008042675.1,73917,Drosophila seguyi,7214.0,Drosophilidae,7147,Diptera,PRJNA554346,SAMN12263405,True,Inheritance,fly,"g6005.t1,g12967.t1,g15022.t1",g6005.t1,g6005.t1
GCA_008042755.1,46829,Drosophila birchii,7214.0,Drosophilidae,7147,Diptera,PRJNA554346,SAMN12263399,True,Inheritance,fly,"g12827.t1,g14955.t1,g4807.t1,g14617.t1","g12827.t1,g14774.t1",g12827.t1
GCA_008042515.1,137078,Drosophila truncata,7214.0,Drosophilidae,7147,Diptera,PRJNA554346,SAMN12263409,True,Inheritance,fly,"g8764.t1,g8387.t1,g11611.t1","g8764.t1,g2920.t1",g8764.t1
GCA_008042475.1,137072,Drosophila kanapiae,7214.0,Drosophilidae,7147,Diptera,PRJNA554346,SAMN12263413,False,Inheritance,fly,"g1694.t1,g10045.t1,g9023.t1",g1694.t1,g1694.t1
GCA_902196195.1,1291243,Aptinothrips rufus,45053.0,Thripidae,30262,Thysanoptera,PRJEB33741,SAMEA5817587,True,Induction,frankliniella_occidentalis,"g14948.t1,g5728.t1,g7788.t1,g13973.t1","g14948.t1,g30325.t1,g9249.t1,g30650.t1,g18741.t1,g7520.t1,g25041.t1,g9645.t1,g15285.t1,g22980.t1,g22934.t1,g19145.t1,g13199.t1,g28422.t1,g2578.t1,g14634.t1,g16701.t1,g15673.t1,g18696.t1",g14948.t1
GCA_007844875.1,236788,Busseola fusca,7100.0,Noctuidae,7088,Lepidoptera,PRJNA553865,SAMN12253039,True,Inheritance,papilio_xuthus,"g9853.t1,g24452.t1","g21764.t1,g10615.t1,g34616.t1",None
GCA_002192655.2,174822,Mamestra configurata,7100.0,Noctuidae,7088,Lepidoptera,PRJNA380242,SAMN06637963,True,Inheritance,papilio_xuthus,"g10106.t1,g14472.t1,g25090.t1,g2418.t1",None,None
GCA_900465395.1,40366,Drosophila americana,7214.0,Drosophilidae,7147,Diptera,PRJEB27085,SAMEA4702764,True,Inheritance,fly,"g1470.t1,g2109.t1",None,None
GCA_901521435.1,531929,Crematogaster levior,36668.0,Formicidae,7399,Hymenoptera,PRJEB32544,SAMEA5605438,True,Inheritance,apis_mellifera,"g8115.t1,g11405.t1,g18195.t1",g8115.t1,g8115.t1
GCA_007018985.1,42896,Anopheles bwambae,7157.0,Culicidae,7147,Diptera,PRJNA522423,SAMN10937792,True,Inheritance,fly,"g333.t1,g332.t1,g334.t1",None,None
GCA_006980735.1,468822,Dasypogon diadema,50673.0,Asilidae,7147,Diptera,PRJNA361480,SAMN10022830,True,Inheritance,fly,g1538.t1,None,None
GCA_902155825.1,629358,Timema genevievae,213546.0,Timematidae,7020,Phasmatodea,PRJEB31411,SAMEA5384783,True,Induction,zootermopsis_nevadensis,"g1864.t1,g42683.t1,g11938.t1,g1866.t1,g36.t1,g11384.t1,g33628.t1,g24940.t1,g15482.t1",g20626.t1,None
GCA_902151475.1,61482,Timema podura,213546.0,Timematidae,7020,Phasmatodea,PRJEB31411,SAMEA5384782,True,Induction,zootermopsis_nevadensis,"g14605.t1,g22353.t1,g288.t1,g8028.t1,g8081.t1",g17228.t1,None
GCA_902151455.1,61472,Timema bartmani,213546.0,Timematidae,7020,Phasmatodea,PRJEB31411,SAMEA5384780,True,Induction,zootermopsis_nevadensis,"g27595.t1,g1136.t1,g19691.t1,g1134.t1",g8312.t1,None
GCA_902151465.1,61484,Timema tahoe,213546.0,Timematidae,7020,Phasmatodea,PRJEB31411,SAMEA5384781,True,Induction,zootermopsis_nevadensis,"g524.t1,g8485.t1,g11962.t1,g8483.t1,g35116.t1",g36692.t1,None
GCA_902151435.1,61476,Timema cristinae,213546.0,Timematidae,7020,Phasmatodea,PRJEB31411,SAMEA5384778,True,Induction,zootermopsis_nevadensis,"g5476.t1,g5744.t1,g18105.t1","g8400.t1,g35003.t1,g4421.t1",None
GCA_902151445.1,170555,Timema monikensis,213546.0,Timematidae,7020,Phasmatodea,PRJEB31411,SAMEA5384779,True,Induction,zootermopsis_nevadensis,"g6205.t1,g10587.t1,g23712.t1",g8268.t1,None
GCA_902151425.1,629360,Timema shepardi,213546.0,Timematidae,7020,Phasmatodea,PRJEB31411,SAMEA5384777,True,Induction,zootermopsis_nevadensis,"g4992.t1,g16640.t1,g7837.t1,g53053.t1","g25617.t1,g51971.t1,g50256.t1,g16480.t1",None
GCA_902141385.1,61474,Timema californicum,213546.0,Timematidae,7020,Phasmatodea,PRJEB31411,SAMEA5384776,True,Induction,zootermopsis_nevadensis,"g4594.t1,g19959.t1,g13606.t1,g54538.t1","g22675.t1,g33985.t1,g548.t1,g11204.t1",None
GCA_902141375.1,170557,Timema poppensis,213546.0,Timematidae,7020,Phasmatodea,PRJEB31411,SAMEA5375113,True,Induction,zootermopsis_nevadensis,"g7347.t1,g4112.t1","g14227.t1,g3325.t1,g14364.t1",None
GCA_901482245.1,61478,Timema douglasi,213546.0,Timematidae,7020,Phasmatodea,PRJEB31411,SAMEA5384775,True,Induction,zootermopsis_nevadensis,"g8135.t1,g3591.t1,g932.t1","g18935.t1,g8023.t1",None
GCA_005959815.1,7385,Sarcophaga bullata,7381.0,Sarcophagidae,7147,Diptera,PRJNA476317,SAMN09429719,True,Inheritance,fly,None,None,None
GCA_005889595.1,154130,Drosophila neonasuta,7214.0,Drosophilidae,7147,Diptera,PRJNA318949,SAMN06052360,True,Inheritance,fly,"g10104.t1,g7939.t1,g1442.t1,g11753.t1","g10104.t1,g13910.t1",g10104.t1
GCA_005876975.1,7233,Drosophila orena,7214.0,Drosophilidae,7147,Diptera,PRJNA475270,SAMN11653813,True,Inheritance,fly,g8692.t1,g8692.t1,g8692.t1
GCA_005876895.1,7249,Drosophila azteca,7214.0,Drosophilidae,7147,Diptera,PRJNA475270,SAMN11653812,True,Inheritance,fly,"g510.t1,g1610.t1",g510.t1,g510.t1
GCA_005406045.1,85585,Adoxophyes honmai,7139.0,Tortricidae,7088,Lepidoptera,PRJDB6525,SAMD00128871,True,Inheritance,papilio_xuthus,"g9961.t1,g22445.t1",None,None
GCA_005406025.1,151549,Eumeta japonica,93884.0,Psychidae,7088,Lepidoptera,PRJDB7096,SAMD00127338,True,Inheritance,papilio_xuthus,"g3416.t1,g7369.t1",g3411.t1,None
GCA_004959915.1,151541,Danaus chrysippus,33415.0,Nymphalidae,7088,Lepidoptera,PRJNA448181,SAMN08826815,True,Inheritance,papilio_xuthus,"g1123.t1,g13391.t1",g15881.t1,None
GCA_004916985.1,441929,Neodiprion pinetum,52632.0,Diprionidae,7399,Hymenoptera,PRJNA388449,SAMN07177410,True,Inheritance,apis_mellifera,"g8891.t1,g23537.t1,g11393.t1",g8891.t1,g8891.t1
GCA_004799115.1,702717,Tuta absoluta,32434.0,Gelechiidae,7088,Lepidoptera,PRJNA512383,SAMN10666957,True,Inheritance,papilio_xuthus,g932.t1,g14916.t1,None
GCA_004796505.1,41112,Oryzaephilus surinamensis,196982.0,Silvanidae,7041,Coleoptera,PRJNA356192,SAMN06433610,True,Inheritance,tribolium_castaneum,g6900.t1,None,None
GCA_004382145.1,7226,Drosophila mauritiana,7214.0,Drosophilidae,7147,Diptera,PRJNA383250,SAMN06827991,True,Inheritance,fly,"g5916.t1,g6581.t1,g4241.t1",None,None
GCA_004794745.1,300112,Temnothorax longispinosus,36668.0,Formicidae,7399,Hymenoptera,PRJNA449506,SAMN08905699,True,Inheritance,apis_mellifera,"g19924.t1,g16937.t1,g281.t1,g16934.t1,g4335.t1,g7997.t1","g19924.t1,g7188.t1",g19924.t1
GCA_004785975.1,7064,Popillia japonica,7055.0,Scarabaeidae,7041,Coleoptera,PRJNA514809,SAMN10734816,True,Inheritance,tribolium_castaneum,"g33239.t1,g13450.t1",None,None
GCA_900002565.1,179676,Culicoides sonorensis,41819.0,Ceratopogonidae,7147,Diptera,PRJEB7005,SAMEA2709007,True,Inheritance,fly,g1869.t1,None,None
GCA_003425675.2,82600,Cydia pomonella,7139.0,Tortricidae,7088,Lepidoptera,PRJNA464426,SAMN09205828,True,Inheritance,papilio_xuthus,None,None,None
GCA_004480015.1,493209,Atta texana,36668.0,Formicidae,7399,Hymenoptera,PRJNA450218,SAMN08932544,True,Inheritance,apis_mellifera,"g19906.t1,g8098.t1,g24512.t1,g18815.t1","g1899.t1,g8098.t1",g8098.t1
GCA_004354385.1,198719,Drosophila innubila,7214.0,Drosophilidae,7147,Diptera,PRJNA524688,SAMN11037163,True,Inheritance,fly,"g5551.t1,g2496.t1,g5678.t1",None,None
GCA_004329205.1,7237,Drosophila pseudoobscura,7214.0,Drosophilidae,7147,Diptera,PRJNA545704,SAMN10814407,True,Inheritance,fly,"g757.t1,g4492.t1,g3037.t1,g4089.t1",g757.t1,g757.t1
GCA_004329405.1,72791,Cataglyphis niger,36668.0,Formicidae,7399,Hymenoptera,PRJNA494690,SAMN10176808,True,Inheritance,apis_mellifera,"g31301.t1,g6879.t1,g33618.t1,g30892.t1,g37859.t1,g66842.t1,g45962.t1","g31301.t1,g43231.t1,g36669.t1,g49652.t1,g88014.t1",g31301.t1
GCA_004307685.1,78185,Ceratina australensis,7458.0,Apidae,7399,Hymenoptera,PRJNA302037,SAMN07634805,True,Inheritance,apis_mellifera,"g2297.t1,g20865.t1,g15708.t1,g2173.t1,g9776.t1",g6302.t1,None
GCA_004302925.1,115425,Cochliomyia hominivorax,7371.0,Calliphoridae,7147,Diptera,PRJNA438970,SAMN08737030,True,Inheritance,fly,None,None,None
GCA_003335185.2,195883,Laodelphax striatellus,33362.0,Delphacidae,7524,Hemiptera,PRJNA393384,SAMN07336317,True,Induction,bemisia_tabaci,"g21697.t1,g14324.t1,g20237.t1","g3877.t1,g17996.t1,g24167.t1",None
GCA_004195275.1,1086592,Cataglyphis hispanica,36668.0,Formicidae,7399,Hymenoptera,PRJNA521233,SAMN10881103,True,Inheritance,apis_mellifera,"g18271.t1,g7317.t1,g3536.t1,g15312.t1",g18271.t1,g18271.t1
GCA_004193855.1,56364,Agrotis ipsilon,7100.0,Noctuidae,7088,Lepidoptera,PRJNA428387,SAMN08289408,True,Inheritance,papilio_xuthus,g1952.t1,g20203.t1,None
GCA_004193795.1,1661398,Asbolus verrucosus,7065.0,Tenebrionidae,7041,Coleoptera,PRJNA354432,SAMN06045821,True,Inheritance,tribolium_castaneum,"g20083.t1,g6431.t1,g14778.t1,g5407.t1",None,None
GCA_004143645.1,348688,Protaetia brevitarsis,7055.0,Scarabaeidae,7041,Coleoptera,PRJNA477715,SAMN09478267,True,Inheritance,tribolium_castaneum,"g57173.t1,g9534.t1,g59463.t1,g79666.t1","g58398.t1,g54814.t1",None
GCA_004149465.1,499227,Drosophila nigromelanica,7214.0,Drosophilidae,7147,Diptera,PRJNA512892,SAMN10699368,True,Inheritance,fly,"g989.t1,g8325.t1",g989.t1,g989.t1
GCA_004143905.1,189258,Drosophila micromelanica,7214.0,Drosophilidae,7147,Diptera,PRJNA512892,SAMN10699357,True,Inheritance,fly,"g1756.t1,g6615.t1","g1756.t1,g7902.t1",g1756.t1
GCA_004143865.1,119604,Drosophila lacertosa,7214.0,Drosophilidae,7147,Diptera,PRJNA512892,SAMN10699354,True,Inheritance,fly,"g7457.t1,g3134.t1","g7457.t1,g5433.t1",g7457.t1
GCA_004143875.1,7257,Drosophila robusta,7214.0,Drosophilidae,7147,Diptera,PRJNA512892,SAMN10699358,True,Inheritance,fly,"g10138.t1,g16058.t1,g5783.t1",g3241.t1,None
GCA_004143785.1,7252,Drosophila melanica,7214.0,Drosophilidae,7147,Diptera,PRJNA512892,SAMN10699363,True,Inheritance,fly,"g860.t1,g1170.t1",g7247.t1,None
GCA_004136515.2,1518534,Anopheles coluzzii,7157.0,Culicidae,7147,Diptera,PRJNA508774,SAMN10528920,True,Inheritance,fly,"g594.t1,g593.t1,g595.t1",g3599.t1,None
GCA_004115105.1,690910,Lymantria dispar,27548.0,Lymantriidae,7088,Lepidoptera,PRJNA504524,SAMN10394683,True,Inheritance,papilio_xuthus,None,g547.t1,None
GCA_003448975.2,30069,Anopheles stephensi,7157.0,Culicidae,7147,Diptera,PRJNA473393,SAMN09273289,True,Inheritance,fly,"g2916.t1,g454.t1,g4785.t1,g4786.t1",g2916.t1,g2916.t1
GCA_004026295.1,2492661,Diptera sp. S2_005_002R2,None,None,7147,Diptera,PRJNA471744,SAMN09217386,True,Inheritance,fly,"g2660.t1,g94.t1","g1045.t1,g2660.t1,g1183.t1,g4242.t1",g2660.t1
GCA_004000445.1,168631,Chilo suppressalis,268499.0,Crambidae,7088,Lepidoptera,PRJNA506136,SAMN10502114,True,Inheritance,papilio_xuthus,None,None,None
GCA_003118335.3,76198,Papilio memnon,7143.0,Papilionidae,7088,Lepidoptera,PRJDB5519,SAMD00074270,True,Inheritance,papilio_xuthus,"g5156.t1,g13357.t1",None,None
GCA_900245975.1,7266,Drosophila guanche,7214.0,Drosophilidae,7147,Diptera,PRJEB21790,SAMEA104164776,True,Inheritance,fly,"g1302.t1,g172.t1",None,None
GCA_003951495.1,62324,Anopheles funestus,7157.0,Culicidae,7147,Diptera,PRJNA494870,SAMN01087923,True,Inheritance,fly,"g3426.t1,g4196.t1",g3426.t1,g3426.t1
GCA_900490055.1,207806,Pseudoneuroterus saliens,73401.0,Cynipidae,7399,Hymenoptera,PRJEB27189,SAMEA4716332,True,Inheritance,apis_mellifera,"g173924.t1,g259477.t1,g141408.t1,g325413.t1,g366935.t1,g156032.t1","g6814.t1,g268677.t1",None
GCA_003952975.1,928822,Scaptomyza flava,7214.0,Drosophilidae,7147,Diptera,PRJNA494789,SAMN10180174,True,Inheritance,fly,g1689.t1,None,None
GCA_900490065.1,351381,Neuroterus quercusbaccarum,73401.0,Cynipidae,7399,Hymenoptera,PRJEB27189,SAMEA4716331,True,Inheritance,apis_mellifera,"g455429.t1,g455428.t1,g230069.t1,g92158.t1,g238174.t1,g299691.t1",None,None
GCA_900474265.1,199937,Andricus quercusramuli,73401.0,Cynipidae,7399,Hymenoptera,PRJEB27189,SAMEA4716322,True,Inheritance,apis_mellifera,"g287643.t1,g422586.t1,g320194.t1,g426900.t1,g416613.t1,g437142.t1,g42196.t1",None,None
GCA_900474205.1,75152,Andricus curvator,73401.0,Cynipidae,7399,Hymenoptera,PRJEB27189,SAMEA4716319,True,Inheritance,apis_mellifera,"g125710.t1,g47643.t1,g152869.t1,g307203.t1,g80068.t1",None,None
GCA_900474195.1,75169,Andricus grossulariae,73401.0,Cynipidae,7399,Hymenoptera,PRJEB27189,SAMEA4716320,True,Inheritance,apis_mellifera,"g210793.t1,g222807.t1,g112893.t1,g364384.t1,g215730.t1,g256228.t1",None,None
GCA_900474215.1,75162,Andricus inflator,73401.0,Cynipidae,7399,Hymenoptera,PRJEB27189,SAMEA4716321,True,Inheritance,apis_mellifera,"g39660.t1,g174994.t1,g303619.t1,g156766.t1",g75797.t1,None
GCA_900480045.1,1172129,Eurytoma adleriae,75200.0,Eurytomidae,7399,Hymenoptera,PRJEB27189,SAMEA4716325,True,Inheritance,apis_mellifera,"g3908.t1,g2817.t1,g11108.t1,g16432.t1,g17388.t1,g21879.t1,g21425.t1,g13009.t1",g3908.t1,g3908.t1
GCA_900475205.1,261815,Eurytoma brunniventris,75200.0,Eurytomidae,7399,Hymenoptera,PRJEB27189,SAMEA4716327,True,Inheritance,apis_mellifera,"g14693.t1,g15147.t1,g13193.t1,g19828.t1,g11527.t1,g65399.t1,g11530.t1,g64500.t1,g22530.t1,g9740.t1","g14693.t1,g73265.t1,g5708.t1",g14693.t1
GCA_900474315.1,714620,Torymus auratus,64154.0,Torymidae,7399,Hymenoptera,PRJEB27189,SAMEA4716337,True,Inheritance,apis_mellifera,"g15038.t1,g39402.t1,g21592.t1,g3914.t1,g8263.t1",None,None
GCA_003865315.1,115357,Harmonia axyridis,7080.0,Coccinellidae,7041,Coleoptera,PRJDB7050,SAMD00119386,True,Inheritance,tribolium_castaneum,g3802.t1,None,None
GCA_003710045.1,2448451,Nomia melanderi,77572.0,Halictidae,7399,Hymenoptera,PRJNA494873,SAMN10185933,True,Inheritance,apis_mellifera,"g12025.t1,g14702.t1",g2501.t1,None
GCA_003709505.1,39466,Hyphantria cunea,695564.0,Erebidae,7088,Lepidoptera,PRJNA427777,SAMN08272440,True,Inheritance,papilio_xuthus,"g8757.t1,g12441.t1",None,None
GCA_003671415.1,1945771,Megathymus ursus,40093.0,Hesperiidae,7088,Lepidoptera,PRJNA413820,SAMN07767772,True,Inheritance,papilio_xuthus,g16085.t1,g179.t1,None
GCA_003667255.1,437493,Euschistus heros,160513.0,Pentatomidae,7524,Hemiptera,PRJNA489772,SAMN10147922,True,Induction,bemisia_tabaci,g41834.t1,"g31073.t1,g56639.t1",None
GCA_003595255.1,625136,Solenopsis fugax,36668.0,Formicidae,7399,Hymenoptera,PRJNA475320,SAMN09386755,True,Inheritance,apis_mellifera,"g3506.t1,g48226.t1,g5709.t1,g45940.t1,g39559.t1",g3506.t1,g3506.t1
GCA_003456935.1,438506,Machilis hrabei,50558.0,Machilidae,29994,Archaeognatha,PRJNA171753,SAMN02645830,True,Induction,frankliniella_occidentalis,"g1631.t1,g7852.t1",None,None
GCA_003568925.1,41139,Coccinella septempunctata,7080.0,Coccinellidae,7041,Coleoptera,PRJDB7050,SAMD00119387,True,Inheritance,tribolium_castaneum,"g12685.t1,g16432.t1,g1123.t1,g19815.t1,g21475.t1,g18219.t1,g3090.t1",None,None
GCA_900499025.1,116150,Pararge aegeria,33415.0,Nymphalidae,7088,Lepidoptera,PRJEB28004,SAMEA4810222,True,Inheritance,papilio_xuthus,"g22245.t1,g13832.t1,g13942.t1",g25464.t1,None
GCA_003347265.1,1875375,Glossosoma conforme,177617.0,Glossosomatidae,30263,Trichoptera,PRJNA408022,SAMN08721893,True,Inheritance,papilio_xuthus,None,None,None
GCA_003261595.1,177089,Maconellicoccus hirsutus,30190.0,Pseudococcidae,7524,Hemiptera,PRJNA436884,SAMN08634590,True,Induction,bemisia_tabaci,"g1370.t1,g6217.t1,g7588.t1","g5060.t1,g1473.t1,g8215.t1,g391.t1,g10001.t1,g3351.t1,g5406.t1,g9080.t1,g8243.t1,g2353.t1,g4898.t1,g9997.t1,g4436.t1,g9713.t1,g8575.t1,g1576.t1",None
GCA_003314205.1,44477,Apis mellifera,7458.0,Apidae,7399,Hymenoptera,PRJNA450801,SAMN08947224,True,Inheritance,apis_mellifera,"g9571.t1,g3014.t1,g13661.t1",g5840.t1,None
GCA_900490015.1,311874,Megastigmus stigmatizans,64155.0,Megastigmidae,7399,Hymenoptera,PRJEB27189,SAMEA4716330,True,Inheritance,apis_mellifera,"g65492.t1,g4802.t1,g25897.t1",None,None
GCA_900490025.1,246452,Megastigmus dorsalis,64155.0,Megastigmidae,7399,Hymenoptera,PRJEB27189,SAMEA4716329,True,Inheritance,apis_mellifera,g67209.t1,None,None
GCA_900480035.1,310279,Eupelmus urozonus,7430.0,Eupelmidae,7399,Hymenoptera,PRJEB27189,SAMEA4716328,True,Inheritance,apis_mellifera,"g18460.t1,g22997.t1,g3543.t1,g10143.t1,g15136.t1","g18460.t1,g16572.t1,g12690.t1",g18460.t1
GCA_900474355.1,310282,Torymus geranii,64154.0,Torymidae,7399,Hymenoptera,PRJEB27189,SAMEA4716338,True,Inheritance,apis_mellifera,"g43237.t1,g16169.t1,g26278.t1,g3909.t1,g16707.t1,g9959.t1",g43237.t1,g43237.t1
GCA_900474275.1,452695,Synergus japonicus,73401.0,Cynipidae,7399,Hymenoptera,PRJEB27189,SAMEA4716336,True,Inheritance,apis_mellifera,"g35383.t1,g9215.t1,g23302.t1,g34719.t1,g5344.t1,g18386.t1,g16256.t1","g23616.t1,g35383.t1,g9318.t1",g35383.t1
GCA_900474325.1,331713,Synergus umbraculus,73401.0,Cynipidae,7399,Hymenoptera,PRJEB27189,SAMEA4716335,True,Inheritance,apis_mellifera,"g20868.t1,g24715.t1,g34475.t1,g8761.t1,g8824.t1,g8264.t1,g8764.t1","g24715.t1,g34475.t1","g34475.t1,g24715.t1"
GCA_900474385.1,909788,Ormyrus pomaceus,272228.0,Ormyridae,7399,Hymenoptera,PRJEB27189,SAMEA4716334,True,Inheritance,apis_mellifera,"g9944.t1,g12057.t1,g8715.t1,g9879.t1,g35134.t1",g9944.t1,g9944.t1
GCA_900474335.1,591002,Ormyrus nitidulus,272228.0,Ormyridae,7399,Hymenoptera,PRJEB27189,SAMEA4716333,True,Inheritance,apis_mellifera,"g21322.t1,g19430.t1,g48729.t1,g20513.t1,g10087.t1,g369.t1,g20917.t1",g21322.t1,g21322.t1
GCA_900480025.1,909778,Eupelmus annulatus,7430.0,Eupelmidae,7399,Hymenoptera,PRJEB27189,SAMEA4716326,True,Inheritance,apis_mellifera,"g20954.t1,g62.t1,g23364.t1,g22455.t1,g20744.t1,g43259.t1",g20954.t1,g20954.t1
GCA_900474235.1,909773,Cecidostiba semifascia,7423.0,Pteromalidae,7399,Hymenoptera,PRJEB27189,SAMEA4716324,True,Inheritance,apis_mellifera,"g25413.t1,g52780.t1,g43829.t1,g24815.t1,g50906.t1,g4552.t1","g25413.t1,g24420.t1",g25413.t1
GCA_900474305.1,797374,Cecidostiba fungosa,7423.0,Pteromalidae,7399,Hymenoptera,PRJEB27189,SAMEA4716323,True,Inheritance,apis_mellifera,"g1130.t1,g16938.t1,g17791.t1,g2966.t1,g25225.t1,g26566.t1,g5967.t1",g1130.t1,g1130.t1
GCA_003287335.1,466727,Lednia tumana,62802.0,Nemouridae,50622,Plecoptera,PRJNA472568,SAMN09295077,True,Induction,zootermopsis_nevadensis,"g6290.t1,g12000.t1,g33576.t1","g22842.t1,g5135.t1,g35317.t1,g42466.t1",None
GCA_003264975.1,13262,Schizaphis graminum,27482.0,Aphididae,7524,Hemiptera,PRJNA454279,SAMN09001159,True,Induction,bemisia_tabaci,"g650.t1,g6891.t1,g3564.t1","g13511.t1,g12921.t1",None
GCA_000696855.2,197043,Homalodisca vitripennis,30102.0,Cicadellidae,7524,Hemiptera,PRJNA168119,SAMN02728788,True,Induction,bemisia_tabaci,"g30250.t1,g44365.t1,g18119.t1,g3780.t1","g30437.t1,g18543.t1,g47322.t1,g24695.t1,g34657.t1,g21192.t1",None
GCA_900068805.1,573617,Heliconius timareta,33415.0,Nymphalidae,7088,Lepidoptera,PRJEB8011,SAMEA3670575,True,Inheritance,papilio_xuthus,"g8470.t1,g18574.t1",None,None
GCA_900068695.1,544895,Heliconius melpomene,33415.0,Nymphalidae,7088,Lepidoptera,PRJEB8011,SAMEA3670561,True,Inheritance,papilio_xuthus,g33868.t1,None,None
GCA_900068675.1,248309,Heliconius melpomene,33415.0,Nymphalidae,7088,Lepidoptera,PRJEB8011,SAMEA3670559,True,Inheritance,papilio_xuthus,"g32219.t1,g49177.t1","g5621.t1,g4670.t1",None
GCA_900068665.1,171916,Heliconius melpomene,33415.0,Nymphalidae,7088,Lepidoptera,PRJEB8011,SAMEA3670558,True,Inheritance,papilio_xuthus,"g10886.t1,g12024.t1",None,None
GCA_900068655.1,248314,Heliconius melpomene,33415.0,Nymphalidae,7088,Lepidoptera,PRJEB8011,SAMEA3670557,True,Inheritance,papilio_xuthus,g36686.t1,None,None
GCA_900068635.1,1608924,Heliconius melpomene,33415.0,Nymphalidae,7088,Lepidoptera,PRJEB8011,SAMEA3670555,True,Inheritance,papilio_xuthus,g12101.t1,"g3442.t1,g22737.t1",None
GCA_900068615.1,171917,Heliconius melpomene,33415.0,Nymphalidae,7088,Lepidoptera,PRJEB8011,SAMEA3670553,True,Inheritance,papilio_xuthus,"g10406.t1,g13432.t1","g58042.t1,g49244.t1",None
GCA_900068585.1,248310,Heliconius melpomene,33415.0,Nymphalidae,7088,Lepidoptera,PRJEB8011,SAMEA3670549,True,Inheritance,papilio_xuthus,None,None,None
GCA_900068575.1,1756247,Heliconius melpomene,33415.0,Nymphalidae,7088,Lepidoptera,PRJEB8011,SAMEA3670548,True,Inheritance,papilio_xuthus,"g25214.t1,g19760.t1",None,None
GCA_900068565.1,248313,Heliconius melpomene,33415.0,Nymphalidae,7088,Lepidoptera,PRJEB8011,SAMEA3670547,True,Inheritance,papilio_xuthus,None,None,None
GCA_900068545.1,1501341,Heliconius melpomene,33415.0,Nymphalidae,7088,Lepidoptera,PRJEB8011,SAMEA3670545,True,Inheritance,papilio_xuthus,None,g9102.t1,None
GCA_900068525.1,171918,Heliconius melpomene,33415.0,Nymphalidae,7088,Lepidoptera,PRJEB8011,SAMEA3670543,True,Inheritance,papilio_xuthus,None,None,None
GCA_900068505.1,248312,Heliconius melpomene,33415.0,Nymphalidae,7088,Lepidoptera,PRJEB8011,SAMEA3670541,True,Inheritance,papilio_xuthus,"g16851.t1,g17555.t1",None,None
GCA_900068495.1,1207007,Heliconius melpomene,33415.0,Nymphalidae,7088,Lepidoptera,PRJEB8011,SAMEA3670540,True,Inheritance,papilio_xuthus,g3381.t1,None,None
GCA_900068315.1,1207006,Heliconius cydno,33415.0,Nymphalidae,7088,Lepidoptera,PRJEB8011,SAMEA3670517,True,Inheritance,papilio_xuthus,g7599.t1,None,None
GCA_900068305.1,265454,Heliconius cydno,33415.0,Nymphalidae,7088,Lepidoptera,PRJEB8011,SAMEA3670516,True,Inheritance,papilio_xuthus,None,None,None
GCA_900068285.1,1116483,Heliconius cydno,33415.0,Nymphalidae,7088,Lepidoptera,PRJEB8011,SAMEA3670513,True,Inheritance,papilio_xuthus,None,None,None
GCA_900068265.1,328831,Heliconius cydno,33415.0,Nymphalidae,7088,Lepidoptera,PRJEB8011,SAMEA3670511,True,Inheritance,papilio_xuthus,g34898.t1,None,None
GCA_900068255.1,249251,Heliconius cydno,33415.0,Nymphalidae,7088,Lepidoptera,PRJEB8011,SAMEA3670510,True,Inheritance,papilio_xuthus,None,None,None
GCA_900068205.1,171915,Heliconius cydno,33415.0,Nymphalidae,7088,Lepidoptera,PRJEB8011,SAMEA1919278,True,Inheritance,papilio_xuthus,g20439.t1,None,None
GCA_900068165.1,248311,Heliconius melpomene,33415.0,Nymphalidae,7088,Lepidoptera,PRJEB8011,SAMEA1919274,True,Inheritance,papilio_xuthus,None,"g36935.t1,g41744.t1",None
GCA_900068125.1,101932,Heliconius timareta,33415.0,Nymphalidae,7088,Lepidoptera,PRJEB8011,SAMEA1919266,True,Inheritance,papilio_xuthus,g4772.t1,None,None
GCA_900249655.1,227619,Xenocatantops brachycerus,7002.0,Acrididae,6993,Orthoptera,PRJEB24040,SAMEA104450353,True,Induction,zootermopsis_nevadensis,g14923.t1,g13617.t1,None
GCA_003063865.1,602698,Aphaenogaster picea,36668.0,Formicidae,7399,Hymenoptera,PRJNA385595,SAMN06894594,True,Inheritance,apis_mellifera,"g21709.t1,g20484.t1,g21189.t1,g25802.t1,g1740.t1",g21709.t1,g21709.t1
GCA_003063815.1,500656,Aphaenogaster rudis,36668.0,Formicidae,7399,Hymenoptera,PRJNA385595,SAMN06894595,True,Inheritance,apis_mellifera,"g20142.t1,g21630.t1,g19219.t1,g22858.t1,g3689.t1","g20142.t1,g34857.t1",g20142.t1
GCA_003063835.1,602633,Aphaenogaster floridana,36668.0,Formicidae,7399,Hymenoptera,PRJNA385595,SAMN06894591,True,Inheritance,apis_mellifera,"g21505.t1,g23671.t1,g24057.t1,g35258.t1",g21505.t1,g21505.t1
GCA_003063725.1,602682,Aphaenogaster miamiana,36668.0,Formicidae,7399,Hymenoptera,PRJNA385595,SAMN06894593,True,Inheritance,apis_mellifera,"g22205.t1,g23551.t1,g20196.t1,g22764.t1,g8826.t1","g22205.t1,g35555.t1",g22205.t1
GCA_003063765.1,602636,Aphaenogaster fulva,36668.0,Formicidae,7399,Hymenoptera,PRJNA385595,SAMN06894592,True,Inheritance,apis_mellifera,"g5486.t1,g4833.t1,g3773.t1",None,None
GCA_003063805.1,602585,Aphaenogaster ashmeadi,36668.0,Formicidae,7399,Hymenoptera,PRJNA385595,SAMN06894590,True,Inheritance,apis_mellifera,"g15189.t1,g22114.t1,g28458.t1,g21525.t1","g15189.t1,g34545.t1",g15189.t1
GCA_003055095.1,863708,Goniozus legneri,27508.0,Bethylidae,7399,Hymenoptera,PRJNA378164,SAMN06698956,True,Inheritance,apis_mellifera,"g1774.t1,g4181.t1,g5662.t1,g14448.t1,g11967.t1,g2195.t1,g16449.t1","g1774.t1,g4347.t1",g1774.t1
GCA_003054995.1,135921,Aleochara bilineata,29026.0,Staphylinidae,7041,Coleoptera,PRJNA378164,SAMN06611084,True,Inheritance,tribolium_castaneum,"g14200.t1,g15245.t1,g9529.t1",g3923.t1,None
GCA_003123925.1,7368,Haematobia irritans,7366.0,Muscidae,7147,Diptera,PRJNA30967,SAMN07830356,True,Inheritance,fly,g3435.t1,None,None
GCA_003018175.1,6973,Blattella germanica,1049651.0,Ectobiidae,85823,Blattodea,PRJNA427252,SAMN08772480,True,Induction,zootermopsis_nevadensis,"g20767.t1,g31590.t1","g20638.t1,g78021.t1,g76477.t1,g16865.t1,g56616.t1,g70034.t1",None
GCA_003121605.1,63433,Leptopilina boulardi,44353.0,Figitidae,7399,Hymenoptera,PRJNA429194,SAMN08329263,True,Inheritance,apis_mellifera,"g14875.t1,g8187.t1,g8188.t1,g7570.t1,g484.t1,g10169.t1,g11416.t1","g14875.t1,g10169.t1","g14875.t1,g10169.t1"
GCA_003086615.1,40370,Drosophila montana,7214.0,Drosophilidae,7147,Diptera,PRJNA312336,SAMN04511083,True,Inheritance,fly,"g551.t1,g14035.t1,g1075.t1","g551.t1,g5258.t1",g551.t1
GCA_000696205.2,7536,Oncopeltus fasciatus,7533.0,Lygaeidae,7524,Hemiptera,PRJNA229125,SAMN02645558,True,Induction,bemisia_tabaci,"g5163.t1,g31831.t1,g22039.t1",g27410.t1,None
GCA_003055125.1,559696,Paykullia maculata,43758.0,Rhinophoridae,7147,Diptera,PRJNA378164,SAMN06768317,True,Inheritance,fly,None,None,None
GCA_003012365.1,614211,Medauroidea extradentata,55199.0,Phasmatidae,7020,Phasmatodea,PRJNA369247,SAMN06282392,True,Induction,zootermopsis_nevadensis,"g8779.t1,g158312.t1","g33579.t1,g159203.t1,g124151.t1,g94656.t1,g133154.t1,g112530.t1,g185355.t1,g67205.t1,g139034.t1,g698.t1,g189167.t1,g156290.t1,g31815.t1,g75926.t1,g79569.t1,g149480.t1,g159201.t1,g137795.t1,g119782.t1,g109819.t1,g23477.t1,g93197.t1,g68491.t1,g116683.t1,g111559.t1,g37121.t1,g99803.t1,g23087.t1,g122134.t1,g195999.t1,g40903.t1,g57723.t1,g190711.t1",None
GCA_003003475.1,1977532,Sericostoma sp. HW-2014,177781.0,Sericostomatidae,30263,Trichoptera,PRJNA380064,SAMN06627011,True,Inheritance,papilio_xuthus,"g58912.t1,g14181.t1,g13669.t1,g78477.t1",g43727.t1,None
GCA_002930495.1,2558925,Cecropterus lyciades,40093.0,Hesperiidae,7088,Lepidoptera,PRJNA351921,SAMN05958461,True,Inheritance,papilio_xuthus,"g11865.t1,g12965.t1",None,None
GCA_002939525.1,6978,Periplaneta americana,6974.0,Blattidae,85823,Blattodea,PRJNA414776,SAMN07820878,True,Induction,zootermopsis_nevadensis,"g73831.t1,g34413.t1,g42540.t1","g73831.t1,g76040.t1,g79785.t1,g66110.t1,g31271.t1",g73831.t1
GCA_001368715.1,58824,Plodia interpunctella,7135.0,Pyralidae,7088,Lepidoptera,PRJEB4874,SAMEA2242587,True,Inheritance,papilio_xuthus,"g8662.t1,g11073.t1",None,None
GCA_001010745.2,56086,Gerris buenoi,36161.0,Gerridae,7524,Hemiptera,PRJNA203045,SAMN02800617,True,Induction,bemisia_tabaci,"g2377.t1,g245.t1",g3155.t1,None
GCA_900240015.1,7108,Spodoptera frugiperda,7100.0,Noctuidae,7088,Lepidoptera,PRJEB13110,SAMEA104379623,True,Inheritance,papilio_xuthus,g8208.t1,g15571.t1,None
GCA_002846955.1,42839,Anopheles aquasalis,7157.0,Culicidae,7147,Diptera,PRJNA389759,SAMN07206858,True,Inheritance,fly,"g10482.t1,g3053.t1,g4098.t1,g3054.t1,g1328.t1",g10482.t1,g10482.t1
GCA_000695645.2,38123,Pachypsylla venusta,1566705.0,Aphalaridae,7524,Hemiptera,PRJNA167476,SAMN02209966,True,Induction,bemisia_tabaci,"g9749.t1,g6114.t1","g3015.t1,g9766.t1",None
GCA_000507165.2,1049336,Ephemera danica,50581.0,Ephemeridae,30073,Ephemeroptera,PRJNA171755,SAMN02264621,True,Induction,frankliniella_occidentalis,"g4818.t1,g7553.t1,g7096.t1",g168.t1,None
GCA_002806875.1,2004999,Lepidotrigona ventralis,7458.0,Apidae,7399,Hymenoptera,PRJNA387986,SAMN07166495,True,Inheritance,apis_mellifera,"g24502.t1,g21159.t1,g32770.t1,g13260.t1,g27385.t1",g35561.t1,None
GCA_002778355.1,325643,Clitarchus hookeri,55199.0,Phasmatidae,7020,Phasmatodea,PRJNA395945,SAMN07418408,True,Induction,zootermopsis_nevadensis,"g276429.t1,g53876.t1,g66973.t1","g335859.t1,g312605.t1,g18671.t1,g306264.t1,g330667.t1,g358060.t1,g333448.t1,g136464.t1,g200114.t1,g296781.t1,g317098.t1,g265442.t1,g67925.t1,g194851.t1,g316196.t1,g232642.t1,g214230.t1,g38363.t1,g266703.t1,g262035.t1,g148458.t1,g90187.t1,g236860.t1,g304023.t1",None
GCA_000648945.2,1218281,Limnephilus lunatus,50645.0,Limnephilidae,30263,Trichoptera,PRJNA203303,SAMN02211182,True,Inheritance,papilio_xuthus,"g37762.t1,g92257.t1",g37762.t1,g37762.t1
GCA_000376725.2,123851,Ladona fulva,6964.0,Libellulidae,6961,Odonata,PRJNA194433,SAMN02178325,True,Induction,zootermopsis_nevadensis,"g7168.t1,g26350.t1,g38893.t1,g38922.t1,g29691.t1,g8469.t1,g39164.t1,g40369.t1,g6104.t1,g36959.t1","g12357.t1,g39756.t1,g42458.t1,g30948.t1,g42441.t1",None
GCA_002382865.1,7102,Heliothis virescens,7100.0,Noctuidae,7088,Lepidoptera,PRJNA379496,SAMN06820520,True,Inheritance,papilio_xuthus,"g16949.t1,g15200.t1",None,None
GCA_002313205.1,109027,Laupala kohalensis,6995.0,Gryllidae,6993,Orthoptera,PRJNA392944,SAMN07312831,True,Induction,zootermopsis_nevadensis,"g67225.t1,g38751.t1,g21050.t1,g26918.t1,g29378.t1","g95192.t1,g99673.t1,g28738.t1,g95619.t1,g42542.t1,g12749.t1,g51811.t1",None
GCA_002278615.1,235516,Pogonus chalceus,41073.0,Carabidae,7041,Coleoptera,PRJNA381601,SAMN06826929,True,Inheritance,tribolium_castaneum,g7700.t1,None,None
GCA_002290385.1,94128,Apis cerana,7458.0,Apidae,7399,Hymenoptera,PRJNA239323,SAMN02666016,True,Inheritance,apis_mellifera,"g13507.t1,g7038.t1,g8130.t1",None,None
GCA_002249905.1,543379,Trichomalopsis sarcophagae,7423.0,Pteromalidae,7399,Hymenoptera,PRJNA342820,SAMN05770041,True,Inheritance,apis_mellifera,"g46902.t1,g12476.t1,g26920.t1,g3395.t1,g4448.t1,g15642.t1,g4450.t1",g46902.t1,g46902.t1
GCA_002245475.1,2010997,Calephelis virginiensis,124343.0,Riodinidae,7088,Lepidoptera,PRJNA390182,SAMN07212116,True,Inheritance,papilio_xuthus,None,None,None
GCA_002245505.1,2010996,Calephelis nemesis,124343.0,Riodinidae,7088,Lepidoptera,PRJNA390182,SAMN07212114,True,Inheritance,papilio_xuthus,None,None,None
GCA_000349125.2,7167,Anopheles albimanus,7157.0,Culicidae,7147,Diptera,PRJNA191561,SAMN02953839,True,Inheritance,fly,"g3491.t1,g639.t1,g638.t1,g5578.t1,g5577.t1","g3491.t1,g700.t1",g3491.t1
GCA_002237135.1,139649,Teleopsis dalmanni,139644.0,Diopsidae,7147,Diptera,PRJNA391339,SAMN07271145,True,Inheritance,fly,g4008.t1,g4008.t1,g4008.t1
GCA_002236955.1,614101,Dryococelus australis,55199.0,Phasmatidae,7020,Phasmatodea,PRJNA387351,SAMN07150485,True,Induction,zootermopsis_nevadensis,"g344778.t1,g189468.t1","g123331.t1,g300627.t1,g251251.t1,g270293.t1",None
GCA_002233535.1,36667,Philaenus spumarius,36666.0,Aphrophoridae,7524,Hemiptera,PRJNA321110,SAMN04966133,True,Induction,bemisia_tabaci,None,None,None
GCA_002222885.1,42062,Drosophila nasuta,7214.0,Drosophilidae,7147,Diptera,PRJNA318839,SAMN04851283,True,Inheritance,fly,"g2982.t1,g1622.t1,g6886.t1",g2982.t1,g2982.t1
GCA_002217905.1,292787,Apis cerana,7458.0,Apidae,7399,Hymenoptera,PRJDB5799,SAMD00082726,True,Inheritance,apis_mellifera,"g13665.t1,g12123.t1",None,None
GCA_000235995.2,278856,Danaus plexippus,33415.0,Nymphalidae,7088,Lepidoptera,PRJNA72423,SAMN01758044,True,Inheritance,papilio_xuthus,"g1750.t1,g5623.t1,g6535.t1",g659.t1,None
GCA_002201625.1,1507135,Euglossa dilemma,7458.0,Apidae,7399,Hymenoptera,PRJNA388474,SAMN07177610,True,Inheritance,apis_mellifera,g11134.t1,"g12507.t1,g10310.t1",None
GCA_002197625.1,998830,Bombyx huttoni,7089.0,Bombycidae,7088,Lepidoptera,PRJNA198873,SAMN02058603,True,Inheritance,papilio_xuthus,"g37967.t1,g40615.t1",None,None
GCA_900068765.1,1608919,Heliconius pardalinus,33415.0,Nymphalidae,7088,Lepidoptera,PRJEB8011,SAMEA3670571,True,Inheritance,papilio_xuthus,g4218.t1,None,None
GCA_900068405.1,33444,Heliconius elevatus,33415.0,Nymphalidae,7088,Lepidoptera,PRJEB8011,SAMEA3670526,True,Inheritance,papilio_xuthus,None,None,None
GCA_900068005.1,33441,Heliconius pardalinus,33415.0,Nymphalidae,7088,Lepidoptera,PRJEB8011,SAMEA1919253,True,Inheritance,papilio_xuthus,g9196.t1,None,None
GCA_002150865.1,7113,Helicoverpa zea,7100.0,Noctuidae,7088,Lepidoptera,PRJNA378438,SAMN06608706,True,Inheritance,papilio_xuthus,"g8922.t1,g11112.t1,g8471.t1,g4962.t1","g6625.t1,g6498.t1",None
GCA_002156465.1,535359,Macrocentrus cingulum,7402.0,Braconidae,7399,Hymenoptera,PRJNA361069,SAMN06220073,True,Inheritance,apis_mellifera,"g17379.t1,g3107.t1,g24508.t1,g24064.t1",g17379.t1,g17379.t1
GCA_900068825.1,33440,Heliconius xanthocles,33415.0,Nymphalidae,7088,Lepidoptera,PRJEB8011,SAMEA3670577,True,Inheritance,papilio_xuthus,g419.t1,None,None
GCA_900068345.1,1608915,Laparus doris,33415.0,Nymphalidae,7088,Lepidoptera,PRJEB8011,SAMEA3670520,True,Inheritance,papilio_xuthus,None,None,None
GCA_900068815.1,33429,Heliconius wallacei,33415.0,Nymphalidae,7088,Lepidoptera,PRJEB8011,SAMEA3670576,True,Inheritance,papilio_xuthus,g3010.t1,None,None
GCA_900068445.1,33425,Heliconius hecale,33415.0,Nymphalidae,7088,Lepidoptera,PRJEB8011,SAMEA3670533,True,Inheritance,papilio_xuthus,g35967.t1,None,None
GCA_900068735.1,33428,Heliconius pachinus,33415.0,Nymphalidae,7088,Lepidoptera,PRJEB8011,SAMEA3670565,True,Inheritance,papilio_xuthus,g15978.t1,None,None
GCA_900068705.1,310797,Heliconius numata,33415.0,Nymphalidae,7088,Lepidoptera,PRJEB8011,SAMEA3670562,True,Inheritance,papilio_xuthus,g38472.t1,g42366.t1,None
GCA_900068335.1,1608916,Laparus doris,33415.0,Nymphalidae,7088,Lepidoptera,PRJEB8011,SAMEA3670519,True,Inheritance,papilio_xuthus,None,None,None
GCA_900068465.1,33423,Heliconius heurippa,33415.0,Nymphalidae,7088,Lepidoptera,PRJEB8011,SAMEA3670535,True,Inheritance,papilio_xuthus,g17010.t1,"g38507.t1,g2454.t1",None
GCA_900068475.1,171913,Heliconius hierax,33415.0,Nymphalidae,7088,Lepidoptera,PRJEB8011,SAMEA3670536,True,Inheritance,papilio_xuthus,g9237.t1,None,None
GCA_900068355.1,1756245,Heliconius elevatus,33415.0,Nymphalidae,7088,Lepidoptera,PRJEB8011,SAMEA3670521,True,Inheritance,papilio_xuthus,"g15810.t1,g11324.t1",None,None
GCA_900068455.1,1756246,Heliconius hecuba,33415.0,Nymphalidae,7088,Lepidoptera,PRJEB8011,SAMEA3670534,True,Inheritance,papilio_xuthus,g25959.t1,None,None
GCA_900068225.1,33457,Neruda aoede,33415.0,Nymphalidae,7088,Lepidoptera,PRJEB8011,SAMEA3670507,True,Inheritance,papilio_xuthus,"g8952.t1,g20088.t1",None,None
GCA_900068325.1,33455,Laparus doris,33415.0,Nymphalidae,7088,Lepidoptera,PRJEB8011,SAMEA3670518,True,Inheritance,papilio_xuthus,None,None,None
GCA_002093875.1,52612,Calopteryx splendens,50489.0,Calopterygidae,6961,Odonata,PRJNA315816,SAMN04994746,True,Induction,zootermopsis_nevadensis,"g65279.t1,g72973.t1,g61157.t1,g43458.t1,g69978.t1,g32025.t1","g71863.t1,g75311.t1,g37726.t1",None
GCA_002091835.1,74869,Anopheles maculatus,7157.0,Culicidae,7147,Diptera,PRJNA309622,SAMN04437154,True,Inheritance,fly,g1505.t1,None,None
GCA_002091845.1,123217,Anopheles cracens,7157.0,Culicidae,7147,Diptera,PRJNA309364,SAMN04432142,True,Inheritance,fly,"g6800.t1,g974.t1",None,None
GCA_001932985.1,1717472,Proctacanthus coquilletti,50673.0,Asilidae,7147,Diptera,PRJNA343047,SAMN05772833,True,Inheritance,fly,"g1587.t1,g2639.t1,g1979.t1,g2472.t1",g1587.t1,g1587.t1
GCA_900005825.1,568069,Clunio marinus,7149.0,Chironomidae,7147,Diptera,PRJEB8339,SAMEA3334632,True,Inheritance,fly,None,None,None
GCA_001855655.1,63434,Leptopilina clavipes,44353.0,Figitidae,7399,Hymenoptera,PRJNA84205,SAMN02047179,True,Inheritance,apis_mellifera,"g29091.t1,g19228.t1,g19227.t1,g18797.t1,g40676.t1,g35868.t1","g29091.t1,g26482.t1",g29091.t1
GCA_001752445.1,76712,Zaprionus indianus,7214.0,Drosophilidae,7147,Diptera,PRJNA317406,SAMN04606833,True,Inheritance,fly,"g4964.t1,g4993.t1,g8316.t1,g4026.t1",g4964.t1,g4964.t1
GCA_001735585.1,7380,Phormia regina,7371.0,Calliphoridae,7147,Diptera,PRJNA338752,SAMN05567885,True,Inheritance,fly,"g6180.t1,g3134.t1",g7007.t1,None
GCA_900080175.1,490976,Trabutina mannipara,30190.0,Pseudococcidae,7524,Hemiptera,PRJEB13573,SAMEA3935977,True,Induction,bemisia_tabaci,"g1356.t1,g4112.t1","g3249.t1,g5765.t1",None
GCA_001676475.1,552050,Isoperla grammatica,50623.0,Perlodidae,50622,Plecoptera,PRJNA315680,SAMN04568202,True,Induction,zootermopsis_nevadensis,None,None,None
GCA_001676355.1,189839,Baetis rhodani,172515.0,Baetidae,30073,Ephemeroptera,PRJNA315680,SAMN04568203,True,Induction,frankliniella_occidentalis,"g24412.t1,g9359.t1",g19841.t1,None
GCA_001676325.1,143724,Amphinemura sulcicollis,62802.0,Nemouridae,50622,Plecoptera,PRJNA315680,SAMN04568201,True,Induction,zootermopsis_nevadensis,"g49187.t1,g51057.t1,g36218.t1,g54923.t1","g46703.t1,g43122.t1,g9966.t1,g35552.t1,g26977.t1",None
GCA_001675545.1,217443,Cotesia vestalis,7402.0,Braconidae,7399,Hymenoptera,PRJNA307296,SAMN04378091,True,Inheritance,apis_mellifera,"g22716.t1,g41182.t1,g39894.t1,g40690.t1","g16274.t1,g20663.t1",None
GCA_001663875.1,757355,Cimex hemipterus,30078.0,Cimicidae,7524,Hemiptera,PRJNA308532,SAMN04396785,True,Induction,bemisia_tabaci,None,None,None
GCA_001625245.1,691633,Calycopis cecrops,27544.0,Lycaenidae,7088,Lepidoptera,PRJNA314404,SAMN04534834,True,Inheritance,papilio_xuthus,g6898.t1,None,None
GCA_900050545.1,1295211,Trionymus perrisii,30190.0,Pseudococcidae,7524,Hemiptera,PRJEB12071,SAMEA3699109,True,Induction,bemisia_tabaci,"g6708.t1,g1304.t1","g15040.t1,g15658.t1,g5444.t1,g2797.t1,g16013.t1,g10967.t1,g7277.t1,g5864.t1,g9243.t1,g11863.t1,g119.t1,g12984.t1,g13486.t1,g2273.t1,g4700.t1,g11917.t1,g2313.t1,g10223.t1,g7181.t1,g318.t1,g9594.t1,g5114.t1,g3620.t1,g12245.t1,g3684.t1,g13110.t1,g10126.t1,g7026.t1,g9739.t1,g4702.t1,g15315.t1,g9183.t1,g8378.t1,g2909.t1,g2917.t1,g5197.t1,g6513.t1,g12937.t1,g4206.t1,g10245.t1,g9075.t1,g3689.t1,g7679.t1,g9997.t1,g6926.t1,g8049.t1,g2316.t1,g14109.t1,g8040.t1,g6089.t1,g7759.t1,g7828.t1",None
GCA_900064475.1,13233,Pseudococcus longispinus,30190.0,Pseudococcidae,7524,Hemiptera,PRJEB12068,SAMEA3699095,True,Induction,bemisia_tabaci,"g4629.t1,g6703.t1","g8222.t1,g10180.t1,g1049.t1,g4077.t1,g8323.t1,g959.t1,g5897.t1,g168.t1,g4753.t1,g11126.t1,g12642.t1,g8682.t1,g12858.t1,g7233.t1,g538.t1,g12615.t1,g9540.t1,g7451.t1,g12592.t1,g4552.t1,g13040.t1,g7415.t1,g6360.t1,g12891.t1,g8284.t1,g614.t1",None
GCA_900065295.1,252483,Paracoccus marginatus,30190.0,Pseudococcidae,7524,Hemiptera,PRJEB12069,SAMEA3699096,True,Induction,bemisia_tabaci,"g8763.t1,g9362.t1,g9446.t1,g8581.t1","g5085.t1,g12021.t1,g6598.t1,g1632.t1,g10333.t1,g6961.t1,g12288.t1,g2177.t1,g8926.t1,g781.t1,g6369.t1,g6530.t1,g8823.t1,g8687.t1,g2569.t1,g7263.t1,g8102.t1,g2531.t1,g8847.t1,g1242.t1",None
GCA_900060175.1,223228,Ferrisia virgata,30190.0,Pseudococcidae,7524,Hemiptera,PRJEB12067,SAMEA3699094,True,Induction,bemisia_tabaci,"g2306.t1,g11376.t1,g10827.t1","g3069.t1,g11736.t1,g5215.t1,g5051.t1,g7387.t1,g5371.t1,g2771.t1,g10641.t1,g1982.t1",None
GCA_001586405.1,40077,Phoebis sennae,7114.0,Pieridae,7088,Lepidoptera,PRJNA308118,SAMN04386831,True,Inheritance,papilio_xuthus,"g7580.t1,g8838.t1,g12486.t1,g15065.t1","g5861.t1,g16376.t1",None
GCA_001542645.1,7165,Anopheles gambiae,7157.0,Culicidae,7147,Diptera,PRJNA254152,SAMN02943153,True,Inheritance,fly,None,g588.t1,None
GCA_001510915.1,1501340,Heliconius cydno,33415.0,Nymphalidae,7088,Lepidoptera,PRJEB8011,SAMEA3670514,True,Inheritance,papilio_xuthus,None,g21531.t1,None
GCA_001486765.1,884342,Heliconius pardalinus,33415.0,Nymphalidae,7088,Lepidoptera,PRJEB8011,SAMEA3670566,True,Inheritance,papilio_xuthus,"g18240.t1,g25472.t1",None,None
GCA_001486745.1,884341,Heliconius numata,33415.0,Nymphalidae,7088,Lepidoptera,PRJEB8011,SAMEA1094469,True,Inheritance,papilio_xuthus,g153.t1,None,None
GCA_001486725.1,1077261,Heliconius numata,33415.0,Nymphalidae,7088,Lepidoptera,PRJEB8011,SAMEA1094486,True,Inheritance,papilio_xuthus,g22.t1,None,None
GCA_001486685.1,1109113,Heliconius timareta,33415.0,Nymphalidae,7088,Lepidoptera,PRJEB8011,SAMEA1094489,True,Inheritance,papilio_xuthus,g662.t1,None,None
GCA_001486645.1,573616,Heliconius timareta,33415.0,Nymphalidae,7088,Lepidoptera,PRJEB8011,SAMEA1322862,True,Inheritance,papilio_xuthus,g520.t1,None,None
GCA_001486605.1,1109112,Heliconius pardalinus,33415.0,Nymphalidae,7088,Lepidoptera,PRJEB8011,SAMEA1322861,True,Inheritance,papilio_xuthus,g464.t1,None,None
GCA_001486245.1,884340,Heliconius numata,33415.0,Nymphalidae,7088,Lepidoptera,PRJEB8011,SAMEA1094475,True,Inheritance,papilio_xuthus,g9.t1,None,None
GCA_001486125.1,1109109,Heliconius hecale,33415.0,Nymphalidae,7088,Lepidoptera,PRJEB8011,SAMEA1322925,True,Inheritance,papilio_xuthus,g596.t1,None,None
GCA_001485985.1,441047,Heliconius ethilla,33415.0,Nymphalidae,7088,Lepidoptera,PRJEB8011,SAMEA1919250,True,Inheritance,papilio_xuthus,g9104.t1,g5214.t1,None
GCA_001485965.1,33427,Heliconius ismenius,33415.0,Nymphalidae,7088,Lepidoptera,PRJEB8011,SAMEA3670537,True,Inheritance,papilio_xuthus,"g11184.t1,g8791.t1",None,None
GCA_001485905.1,33418,Heliconius ethilla,33415.0,Nymphalidae,7088,Lepidoptera,PRJEB8011,SAMEA3670529,True,Inheritance,papilio_xuthus,"g4262.t1,g11357.t1",None,None
GCA_001485725.1,1109111,Heliconius ismenius,33415.0,Nymphalidae,7088,Lepidoptera,PRJEB8011,SAMEA1094483,True,Inheritance,papilio_xuthus,g134.t1,g253.t1,None
GCA_001443705.1,1629725,Oryctes borbonicus,7055.0,Scarabaeidae,7041,Coleoptera,PRJNA293509,SAMN04005096,True,Inheritance,tribolium_castaneum,"g14779.t1,g21227.t1,g9659.t1,g20178.t1",None,None
GCA_000349065.1,34691,Anopheles quadriannulatus,7157.0,Culicidae,7147,Diptera,PRJNA191558,SAMN02953838,True,Inheritance,fly,"g303.t1,g1002.t1,g1001.t1,g1003.t1",g303.t1,g303.t1
GCA_000349105.1,199890,Anopheles epiroticus,7157.0,Culicidae,7147,Diptera,PRJNA191562,SAMN01087920,True,Inheritance,fly,"g7840.t1,g3060.t1",g1163.t1,None
GCA_000349145.1,7168,Anopheles dirus,7157.0,Culicidae,7147,Diptera,PRJNA67231,SAMN02953840,True,Inheritance,fly,"g8324.t1,g7192.t1",g8324.t1,g8324.t1
GCA_000349165.1,43041,Anopheles christyi,7157.0,Culicidae,7147,Diptera,PRJNA191564,SAMN02953841,True,Inheritance,fly,"g5263.t1,g9850.t1,g8123.t1,g9848.t1,g9849.t1,g2142.t1",g5263.t1,g5263.t1
GCA_000349185.1,7173,Anopheles arabiensis,7157.0,Culicidae,7147,Diptera,PRJNA191565,SAMN02953842,True,Inheritance,fly,"g8569.t1,g2576.t1,g2575.t1,g2577.t1",g8569.t1,g8569.t1
GCA_000349025.1,112268,Anopheles minimus,7157.0,Culicidae,7147,Diptera,PRJNA67225,SAMN02953845,True,Inheritance,fly,"g6913.t1,g7532.t1,g2371.t1",g6913.t1,g6913.t1
GCA_000346575.1,88501,Lasioglossum albipes,77572.0,Halictidae,7399,Hymenoptera,PRJNA174755,None,True,Inheritance,apis_mellifera,g8393.t1,None,None
GCA_001404035.1,114634,Nasutitermes exitiosus,46569.0,Termitidae,85823,Blattodea,PRJEB8629,SAMEA3267259,True,Induction,zootermopsis_nevadensis,None,None,None
GCA_001276565.1,166423,Melipona quadrifasciata,7458.0,Apidae,7399,Hymenoptera,PRJNA279820,SAMN03837634,True,Inheritance,apis_mellifera,"g3652.t1,g173.t1,g2646.t1,g3213.t1","g8879.t1,g23449.t1,g5126.t1",None
GCA_001278395.1,691651,Lerema accius,40093.0,Hesperiidae,7088,Lepidoptera,PRJNA283224,SAMN03610455,True,Inheritance,papilio_xuthus,"g6499.t1,g7849.t1",None,None
GCA_001266575.1,104452,Operophtera brumata,82593.0,Geometridae,7088,Lepidoptera,PRJNA263715,SAMN03121611,True,Inheritance,papilio_xuthus,None,None,None
GCA_000298335.1,7291,Drosophila albomicans,7214.0,Drosophilidae,7147,Diptera,PRJNA39511,SAMN00003213,True,Inheritance,fly,"g5683.t1,g7204.t1",g5683.t1,g5683.t1
GCA_000281935.1,1155016,Mengenilla moldrzyki,50600.0,Mengenillidae,30261,Strepsiptera,PRJNA72521,SAMN00715019,True,Inheritance,tribolium_castaneum,"g6763.t1,g200.t1",g8452.t1,None
GCA_000281835.1,50550,Priacma serrata,50548.0,Cupedidae,7041,Coleoptera,PRJNA74387,SAMN02953805,True,Inheritance,tribolium_castaneum,None,None,None
GCA_000265325.1,7200,Lutzomyia longipalpis,7197.0,Psychodidae,7147,Diptera,PRJNA20279,SAMN00008955,True,Inheritance,fly,"g7657.t1,g5123.t1",g5123.t1,g5123.t1
GCA_000262795.1,29031,Phlebotomus papatasi,7197.0,Psychodidae,7147,Diptera,PRJNA20293,SAMN02953817,True,Inheritance,fly,g1935.t1,g1935.t1,g1935.t1
GCA_000341915.2,36166,Megaselia scalaris,36164.0,Phoridae,7147,Diptera,PRJEB1273,SAMEA2272308,True,Inheritance,fly,None,None,None
GCA_001077435.1,37546,Glossina morsitans,7392.0,Glossinidae,7147,Diptera,PRJEA59499,SAMEA3146294,True,Inheritance,fly,"g2989.t1,g1237.t1,g4432.t1,g1078.t1",g2989.t1,g2989.t1
GCA_001047195.1,1577618,Sarcophagidae sp. BV-2014,7381.0,Sarcophagidae,7147,Diptera,PRJNA268391,SAMN03285074,True,Inheritance,fly,g2484.t1,g2136.t1,None
GCA_001045655.1,67767,Lasius niger,36668.0,Formicidae,7399,Hymenoptera,PRJNA269328,SAMN03253098,True,Inheritance,apis_mellifera,"g3055.t1,g9557.t1,g36618.t1,g37808.t1,g2395.t1,g8689.t1","g35902.t1,g18741.t1",None
GCA_001017535.1,312236,Tipula oleracea,41042.0,Tipulidae,7147,Diptera,PRJNA268391,SAMN03283201,True,Inheritance,fly,None,None,None
GCA_001017515.1,594049,Tephritis californica,7211.0,Tephritidae,7147,Diptera,PRJNA268391,SAMN03282621,True,Inheritance,fly,None,None,None
GCA_001017275.1,7373,Calliphora vicina,7371.0,Calliphoridae,7147,Diptera,PRJNA268391,SAMN03276989,True,Inheritance,fly,g304.t1,"g2192.t1,g3236.t1",None
GCA_001015235.1,139677,Sphyracephala brevicornis,139644.0,Diopsidae,7147,Diptera,PRJNA268391,SAMN03282443,True,Inheritance,fly,g5478.t1,None,None
GCA_001015215.1,1577617,Holcocephala fusca,50673.0,Asilidae,7147,Diptera,PRJNA268391,SAMN03280978,True,Inheritance,fly,None,None,None
GCA_001015175.1,88686,Megaselia abdita,36164.0,Phoridae,7147,Diptera,PRJNA268391,SAMN03280980,True,Inheritance,fly,"g2737.t1,g1413.t1,g7047.t1",g2737.t1,g2737.t1
GCA_001015145.1,1352481,Eristalis dimidiata,34680.0,Syrphidae,7147,Diptera,PRJNA268391,SAMN03278632,True,Inheritance,fly,"g470.t1,g489.t1",None,None
GCA_001015115.1,1577624,Eutreta diana,7211.0,Tephritidae,7147,Diptera,PRJNA268391,SAMN03278126,True,Inheritance,fly,None,None,None
GCA_001015075.1,1577616,Cirrula hians,48991.0,Ephydridae,7147,Diptera,PRJNA268391,SAMN03276937,True,Inheritance,fly,g3695.t1,None,None
GCA_001014945.1,85120,Clogmia albipunctata,7197.0,Psychodidae,7147,Diptera,PRJNA268391,SAMN03277118,True,Inheritance,fly,"g11203.t1,g6152.t1,g1248.t1",None,None
GCA_001014935.1,198433,Liriomyza trifolii,127399.0,Agromyzidae,7147,Diptera,PRJNA268391,SAMN03274827,True,Inheritance,fly,"g1846.t1,g1849.t1,g3363.t1",g1846.t1,g1846.t1
GCA_001014895.1,343691,Hermetia illucens,34687.0,Stratiomyidae,7147,Diptera,PRJNA268391,SAMN03285036,True,Inheritance,fly,None,None,None
GCA_001014875.1,1577614,Condylostylus patibulatus,92558.0,Dolichopodidae,7147,Diptera,PRJNA268391,SAMN03277208,True,Inheritance,fly,None,None,None
GCA_001014845.1,1577623,Mochlonyx cinctipes,41811.0,Chaoboridae,7147,Diptera,PRJNA268391,SAMN03281030,True,Inheritance,fly,g738.t1,g2919.t1,None
GCA_001014835.1,13632,Lucilia sericata,7371.0,Calliphoridae,7147,Diptera,PRJNA268391,SAMN03280979,True,Inheritance,fly,"g1429.t1,g8642.t1,g8780.t1",None,None
GCA_001014815.1,204567,Chaoborus trivitattus,41811.0,Chaoboridae,7147,Diptera,PRJNA268391,SAMN03277052,True,Inheritance,fly,None,g1859.t1,None
GCA_001014665.1,1582032,Trupanea jonesi,7211.0,Tephritidae,7147,Diptera,PRJNA268391,SAMN03283206,True,Inheritance,fly,g2091.t1,None,None
GCA_001014675.1,1577615,Ephydra gracilis,48991.0,Ephydridae,7147,Diptera,PRJNA268391,SAMN03283202,True,Inheritance,fly,"g729.t1,g7048.t1",g730.t1,None
GCA_001014575.1,292402,Themira minor,137503.0,Sepsidae,7147,Diptera,PRJNA268391,SAMN03283205,True,Inheritance,fly,"g10232.t1,g2721.t1,g976.t1,g12192.t1",g8694.t1,None
GCA_001014515.1,7394,Glossina morsitans,7392.0,Glossinidae,7147,Diptera,PRJNA268391,SAMN03283231,True,Inheritance,fly,"g2573.t1,g5673.t1,g2505.t1","g2573.t1,g25.t1",g2573.t1
GCA_001014505.1,315576,Chironomus riparius,7149.0,Chironomidae,7147,Diptera,PRJNA268391,SAMN03284762,True,Inheritance,fly,g2545.t1,g5999.t1,None
GCA_001014435.1,39758,Mayetiola destructor,33406.0,Cecidomyiidae,7147,Diptera,PRJNA268391,SAMN03280977,True,Inheritance,fly,"g759.t1,g1948.t1",g3140.t1,None
GCA_001014425.1,1577620,Trichoceridae sp. BV-2014,52747.0,Trichoceridae,7147,Diptera,PRJNA268391,SAMN03282441,True,Inheritance,fly,None,None,None
GCA_001014415.1,462259,Phortica variegata,7214.0,Drosophilidae,7147,Diptera,PRJNA268391,SAMN03282482,True,Inheritance,fly,g2374.t1,g2374.t1,g2374.t1
GCA_001014335.1,170625,Coboldia fuscipes,52749.0,Scatopsidae,7147,Diptera,PRJNA268391,SAMN03276535,True,Inheritance,fly,g661.t1,None,None
GCA_001012855.1,57062,Hypothenemus hampei,7042.0,Curculionidae,7041,Coleoptera,PRJNA279497,SAMN03448479,True,Inheritance,tribolium_castaneum,"g6403.t1,g6548.t1,g8365.t1",g6403.t1,g6403.t1
GCA_000181055.3,13249,Rhodnius prolixus,27479.0,Reduviidae,7524,Hemiptera,PRJNA13648,SAMN02953759,True,Induction,bemisia_tabaci,"g1729.t1,g121.t1,g7602.t1,g9188.t1,g13694.t1",None,None
GCA_000956275.1,30065,Anopheles koliensis,7157.0,Culicidae,7147,Diptera,PRJNA248827,SAMN02803811,True,Inheritance,fly,"g8459.t1,g2523.t1,g5174.t1,g7370.t1",g8459.t1,g8459.t1
GCA_000956255.1,30068,Anopheles punctulatus,7157.0,Culicidae,7147,Diptera,PRJNA248827,SAMN02803809,True,Inheritance,fly,"g204.t1,g3138.t1,g10179.t1,g10656.t1",g204.t1,g204.t1
GCA_000956265.1,69004,Anopheles farauti,7157.0,Culicidae,7147,Diptera,PRJNA248827,SAMN02803810,True,Inheritance,fly,"g8591.t1,g4196.t1,g7457.t1,g12017.t1",g8591.t1,g8591.t1
GCA_000956215.1,59191,Anopheles farauti No. 4,7157.0,Culicidae,7147,Diptera,PRJNA248827,SAMN02803812,True,Inheritance,fly,"g10533.t1,g4598.t1,g2002.t1",g10533.t1,g10533.t1
GCA_000931545.1,45779,Papilio glaucus,7143.0,Papilionidae,7088,Lepidoptera,PRJNA270125,SAMN03263079,True,Inheritance,papilio_xuthus,"g23732.t1,g19591.t1",None,None
GCA_000833685.1,765876,Dactylopius coccus,38115.0,Dactylopiidae,7524,Hemiptera,PRJNA244295,SAMN02726234,True,Induction,bemisia_tabaci,None,"g11551.t1,g5882.t1",None
GCA_000819425.1,346610,Apis mellifera,7458.0,Apidae,7399,Hymenoptera,PRJNA230767,SAMN02437452,True,Inheritance,apis_mellifera,"g33460.t1,g22112.t1,g6522.t1,g19614.t1,g27004.t1","g4549.t1,g21954.t1,g42592.t1",None
GCA_000818775.1,67801,Glossina palpalis,7392.0,Glossinidae,7147,Diptera,PRJNA172847,SAMN01796024,True,Inheritance,fly,None,None,None
GCA_000786525.1,7153,Chironomus tentans,7149.0,Chironomidae,7147,Diptera,PRJEB1888,SAMEA3158483,True,Inheritance,fly,None,g1670.t1,None
GCA_000786065.1,437484,Piezodorus guildinii,160513.0,Pentatomidae,7524,Hemiptera,PRJNA263369,SAMN03099748,True,Induction,bemisia_tabaci,None,None,None
GCA_000775305.1,315563,Belgica antarctica,7149.0,Chironomidae,7147,Diptera,PRJNA172148,SAMN02950991,True,Inheritance,fly,None,g3673.t1,None
GCA_000441895.2,74873,Anopheles sinensis,7157.0,Culicidae,7147,Diptera,PRJNA209295,SAMN02910229,True,Inheritance,fly,"g4682.t1,g6040.t1,g1991.t1","g4855.t1,g297.t1",None
GCA_000716385.1,113334,Melitaea cinxia,33415.0,Nymphalidae,7088,Lepidoptera,PRJNA191594,SAMN01932438,True,Inheritance,papilio_xuthus,"g9859.t1,g7101.t1",None,None
GCA_000688715.1,7398,Glossina pallidipes,7392.0,Glossinidae,7147,Diptera,PRJNA184812,SAMN02768704,True,Inheritance,fly,g3051.t1,None,None
GCA_000688735.1,7395,Glossina austeni,7392.0,Glossinidae,7147,Diptera,PRJNA189552,SAMN02768703,True,Inheritance,fly,g1368.t1,None,None
GCA_000695345.1,59916,Bactrocera tryoni,7211.0,Tephritidae,7147,Diptera,PRJNA241080,SAMN02670756,True,Inheritance,fly,None,None,None
GCA_000671735.1,201502,Glossina fuscipes,7392.0,Glossinidae,7147,Diptera,PRJNA172853,SAMN02742630,True,Inheritance,fly,"g2817.t1,g3446.t1",None,None
GCA_000671755.1,37001,Glossina brevipalpis,7392.0,Glossinidae,7147,Diptera,PRJNA182187,SAMN02742631,True,Inheritance,fly,g495.t1,None,None
GCA_000473525.2,34690,Anopheles melas,7157.0,Culicidae,7147,Diptera,PRJNA163117,SAMN02953873,True,Inheritance,fly,"g8282.t1,g621.t1,g622.t1,g623.t1,g11324.t1,g13017.t1","g8282.t1,g6384.t1",g8282.t1
GCA_000473845.2,30066,Anopheles merus,7157.0,Culicidae,7147,Diptera,PRJNA67215,SAMN02298837,True,Inheritance,fly,"g2419.t1,g420.t1",g2419.t1,g2419.t1
GCA_000516895.1,7004,Locusta migratoria,7002.0,Acrididae,6993,Orthoptera,PRJNA185471,SAMN02261463,True,Induction,zootermopsis_nevadensis,"g289978.t1,g638482.t1","g577016.t1,g679028.t1",None
GCA_000211455.3,43151,Anopheles darlingi,7157.0,Culicidae,7147,Diptera,PRJNA46227,SAMN02945024,True,Inheritance,fly,"g5867.t1,g6170.t1,g9228.t1,g9229.t1,g6563.t1","g5867.t1,g6048.t1",g5867.t1
GCA_000473505.1,41427,Anopheles atroparvus,7157.0,Culicidae,7147,Diptera,PRJNA67233,SAMN01087926,True,Inheritance,fly,"g5594.t1,g5007.t1,g5596.t1,g7035.t1,g7036.t1",g5007.t1,g5007.t1
GCA_000473375.1,139723,Anopheles culicifacies,7157.0,Culicidae,7147,Diptera,PRJNA163119,SAMN02953871,True,Inheritance,fly,"g2004.t1,g4622.t1,g6505.t1,g4623.t1,g4624.t1,g5220.t1","g2004.t1,g3214.t1",g2004.t1
GCA_000439205.1,185578,Anopheles nili,7157.0,Culicidae,7147,Diptera,PRJNA197423,SAMN02953855,True,Inheritance,fly,"g305.t1,g8007.t1,g7669.t1,g7235.t1",g305.t1,g305.t1
GCA_000004775.1,7426,Nasonia giraulti,7423.0,Pteromalidae,7399,Hymenoptera,PRJNA20223,SAMN00003081,True,Inheritance,apis_mellifera,"g18308.t1,g15721.t1,g25451.t1,g12918.t1,g20117.t1,g14786.t1,g25448.t1","g18308.t1,g1024.t1,g27956.t1",g18308.t1
GCA_000004795.1,7427,Nasonia longicornis,7423.0,Pteromalidae,7399,Hymenoptera,PRJNA20225,SAMN00003080,True,Inheritance,apis_mellifera,"g13646.t1,g24782.t1,g3523.t1,g5729.t1,g4822.t1,g21142.t1,g5728.t1","g13646.t1,g395.t1,g15443.t1",g13646.t1
