Unnamed: 0,TaxId,Species,FamilyId,FamilyName,OrderId,OrderName,TSA,BioProject_id,Publication(PMID/DOI),lotus_hits,osk_hits,oskar_hits
0,764486,Melita plumulosa,190426,Melitidae,6821,Amphipoda,GAKD,PRJNA200979,24434169;24434169,None,None,None
1,6728,Procambarus clarkii,6725,Cambaridae,6683,Decapoda,GARH,PRJNA205889,25278476;25479010,GARH01029958.1_3,None,None
2,1435206,Echinogammarus veneris,36939,Gammaridae,6821,Amphipoda,GARO,PRJNA231037,None,None,GARO01030635.1_6,None
3,84317,Eucyclops serrulatus,84315,Cyclopidae,84308,Cyclopoida,GARW,PRJNA231234,None,"GARW01006688.1_3,GARW01000258.1_2,GARW01002584.1_6,GARW01016342.1_2,GARW01001240.1_2",GARW01012303.1_1,None
4,6837,Calanus finmarchicus,6835,Calanidae,6833,Calanoida,GAXK,PRJNA236528,10.1371/journal.pone.0088589;24586345,"GAXK01131543.1_3,GAXK01131541.1_3,GAXK01131539.1_3,GAXK01131542.1_3,GAXK01131540.1_3,GAXK01056189.1_2,GAXK01056187.1_3,GAXK01006894.1_3,GAXK01056188.1_2,GAXK01114401.1_5,GAXK01114399.1_5,GAXK01114397.1_4,GAXK01114396.1_4,GAXK01131544.1_3,GAXK01158201.1_3,GAXK01056190.1_2,GAXK01056191.1_2,GAXK01006895.1_3,GAXK01177054.1_1,GAXK01177053.1_2,GAXK01053627.1_4,GAXK01053625.1_6,GAXK01053644.1_3,GAXK01053639.1_1,GAXK01091982.1_1,GAXK01006896.1_3,GAXK01091981.1_1,GAXK01114421.1_2,GAXK01097202.1_3,GAXK01011168.1_6,GAXK01011170.1_6,GAXK01011164.1_6,GAXK01011165.1_6,GAXK01011193.1_1,GAXK01011192.1_1,GAXK01011174.1_4,GAXK01011169.1_4",GAXK01134627.1_3,None
5,217165,Caligus rogercresseyi,72034,Caligidae,72033,Siphonostomatoida,GAZX,PRJNA234316,24561831,"GAZX01014369.1_2,GAZX01038482.1_6,GAZX01038481.1_6,GAZX01038534.1_5,GAZX01025382.1_3,GAZX01025381.1_1",None,None
6,6717,Astacus leptodactylus,6713,Astacidae,6683,Decapoda,GBEI,PRJNA183420,23840318;24055302,GBEI01016199.1_5,None,None
7,6728,Procambarus clarkii,6725,Cambaridae,6683,Decapoda,GBEV,PRJNA205889,25278476;25479010,"GBEV01153472.1_4,GBEV01002580.1_5",GBEV01106855.1_1,None
8,6837,Calanus finmarchicus,6835,Calanidae,6833,Calanoida,GBFB,PRJNA231164,25568661,"GBFB01146669.1_3,GBFB01146667.1_3,GBFB01149139.1_1,GBFB01119403.1_1,GBFB01149140.1_1,GBFB01182303.1_1,GBFB01182302.1_1,GBFB01146668.1_3,GBFB01113094.1_3,GBFB01153589.1_6,GBFB01153575.1_6,GBFB01133478.1_6,GBFB01133477.1_6,GBFB01049976.1_1,GBFB01153580.1_6,GBFB01150095.1_1,GBFB01119406.1_2,GBFB01150093.1_2,GBFB01119404.1_1,GBFB01150090.1_2,GBFB01150083.1_1,GBFB01186987.1_1,GBFB01186986.1_1,GBFB01150082.1_2,GBFB01150097.1_1,GBFB01150084.1_1,GBFB01162697.1_2,GBFB01059484.1_1,GBFB01066173.1_3,GBFB01149141.1_3,GBFB01150089.1_1,GBFB01191062.1_1,GBFB01150079.1_3","GBFB01106499.1_6,GBFB01106497.1_6",None
9,88015,Eurytemora affinis,88013,Temoridae,6833,Calanoida,GBGO,PRJNA242763,None,"GBGO01046505.1_3,GBGO01096321.1_1,GBGO01096322.1_1,GBGO01093653.1_1,GBGO01093646.1_1,GBGO01093645.1_1,GBGO01093658.1_1,GBGO01093655.1_1,GBGO01093654.1_1,GBGO01114862.1_4,GBGO01054810.1_1,GBGO01129495.1_5,GBGO01070525.1_1,GBGO01070524.1_2",None,None
10,27406,Cherax quadricarinatus,37850,Parastacidae,6683,Decapoda,GADE,PRJNA179334,23393281,None,GADE01008096.1_4,None
11,6717,Astacus leptodactylus,6713,Astacidae,6683,Decapoda,GAFS,PRJNA183420,23840318;24055302,GAFS01015104.1_1,None,None
12,6717,Astacus leptodactylus,6713,Astacidae,6683,Decapoda,GAFY,PRJNA183420,23840318;24055302,GAFY01024844.1_4,None,None
13,1519145,Xibalbanus tulumensis,84344,Speleonectidae,116564,Nectiopoda,GAJM,PRJNA203251,24132120,None,None,None
14,294128,Hyalella azteca,199477,Hyalellidae,6821,Amphipoda,GAJP,PRJNA188322,19435504;24065824,None,GAJP01000138.1_2,None
15,294128,Hyalella azteca,199477,Hyalellidae,6821,Amphipoda,GAJQ,PRJNA188322,19435504;24065824,GAJQ01016245.1_1,"GAJQ01003163.1_5,GAJQ01001195.1_4,GAJQ01003575.1_5",None
16,65457,Dorogostaiskia parasitica,315608,Acanthogammaridae,6821,Amphipoda,GERM,PRJNA321360,None,None,"GERM01042936.1_1,GERM01042935.1_1",None
17,1842067,Eulimnogammarus ussolzewii,315662,Eulimnogammaridae,6821,Amphipoda,GESQ,PRJNA321360,None,None,GESQ01038389.1_5,None
18,698372,Eulimnogammarus violaceus,315662,Eulimnogammaridae,6821,Amphipoda,GESR,PRJNA321360,None,GESR01046959.1_4,"GESR01037153.1_1,GESR01037149.1_1",None
19,6689,Litopenaeus vannamei,6685,Penaeidae,6683,Decapoda,GETD,PRJNA323362,26330487,"GETD01037870.1_4,GETD01037872.1_4,GETD01037871.1_5",None,None
20,48144,Meganyctiphanes norvegica,6817,Euphausiidae,6816,Euphausiacea,GETT,PRJNA324094,None,"GETT01198557.1_6,GETT01021458.1_3,GETT01021455.1_3,GETT01021459.1_3,GETT01179265.1_6,GETT01183269.1_4",None,None
21,6689,Litopenaeus vannamei,6685,Penaeidae,6683,Decapoda,GETZ,PRJNA326516,None,GETZ01025415.1_1,None,None
22,6690,Farfantepenaeus aztecus,6685,Penaeidae,6683,Decapoda,GEUA,PRJNA326516,None,GEUA01033089.1_2,None,None
23,85552,Scylla paramamosain,6757,Portunidae,6683,Decapoda,GEUT,PRJNA328554,None,"GEUT01013781.1_2,GEUT01006612.1_5",None,None
24,95602,Eriocheir sinensis,72876,Varunidae,6683,Decapoda,GFBK,PRJNA350735,None,"GFBK01030544.1_3,GFBK01030502.1_2",None,None
25,95602,Eriocheir sinensis,72876,Varunidae,6683,Decapoda,GFBL,PRJNA319468,None,"GFBL01040643.1_3,GFBL01040644.1_3,GFBL01025388.1_4,GFBL01025387.1_4,GFBL01076734.1_1",None,None
26,6687,Penaeus monodon,6685,Penaeidae,6683,Decapoda,GFCA,PRJNA321953,None,"GFCA01015592.1_5,GFCA01035228.1_3",None,None
27,732109,Gammarus chevreuxi,36939,Gammaridae,6821,Amphipoda,GFCV,PRJNA357029,None,"GFCV01077117.1_6,GFCV01077118.1_4",GFCV01071208.1_1,None
28,6706,Homarus americanus,6704,Nephropidae,6683,Decapoda,GFDA,PRJNA338672,27823957,"GFDA01052044.1_5,GFDA01052043.1_4,GFDA01120144.1_2",None,None
29,337810,Oratosquilla oratoria,84348,Squillidae,6683,Decapoda,GFFH,PRJNA360549,None,"GFFH01050102.1_3,GFFH01000214.1_2,GFFH01000217.1_2,GFFH01000216.1_3,GFFH01000215.1_3,GFFH01000213.1_1",GFFH01025654.1_2,None
30,210409,Portunus trituberculatus,6757,Portunidae,6683,Decapoda,GFFJ,PRJNA361004,None,GFFJ01060368.1_1,"GFFJ01062678.1_6,GFFJ01046663.1_2",None
31,108111,Eurypanopeus depressus,108099,Panopeidae,6683,Decapoda,GFJG,PRJNA376168,None,"GFJG01056701.1_2,GFJG01074135.1_2,GFJG01122887.1_2,GFJG01090144.1_3","GFJG01046418.1_1,GFJG01119870.1_3,GFJG01055870.1_1,GFJG01013668.1_2,GFJG01074736.1_2,GFJG01050435.1_2,GFJG01053611.1_3,GFJG01122682.1_2,GFJG01054525.1_3,GFJG01062180.1_1,GFJG01062181.1_1,GFJG01074737.1_1,GFJG01122680.1_1,GFJG01122681.1_1,GFJG01122679.1_2,GFJG01054526.1_1,GFJG01018744.1_2",None
32,361634,Hyas araneus,6805,Majidae,6683,Decapoda,HAAI,PRJEB1422,24212285,HAAI01009596.1_3,"HAAI01005844.1_1,HAAI01008845.1_5",None
33,6689,Litopenaeus vannamei,6685,Penaeidae,6683,Decapoda,HAAW,PRJEB4317,None,HAAW01033172.1_2,None,None
34,95602,Eriocheir sinensis,72876,Varunidae,6683,Decapoda,HAAX,PRJEB4541,None,HAAX01040123.1_2,None,None
35,174397,Pagurus bernhardus,6745,Paguridae,6683,Decapoda,HABX,PRJEB1673,None,None,None,None
36,474045,Coenobita clypeatus,177219,Coenobitidae,6683,Decapoda,HABY,PRJEB1673,None,None,None,None
37,72036,Lepeophtheirus salmonis,72034,Caligidae,72033,Siphonostomatoida,HACA,PRJEB1804,None,"HACA01006367.1_3,HACA01019621.1_2,HACA01022757.1_1",None,None
38,27406,Cherax quadricarinatus,37850,Parastacidae,6683,Decapoda,HACB,PRJEB5112,None,"HACB02042677.1_3,HACB02042676.1_3,HACB02042675.1_3",None,None
39,361634,Hyas araneus,6805,Majidae,6683,Decapoda,HACH,PRJEB1298,None,HACH01030194.1_2,"HACH01030885.1_5,HACH01030887.1_5,HACH01030884.1_6,HACH01034010.1_6,HACH01034009.1_4,HACH01024670.1_5,HACH01016535.1_2,HACH01030886.1_6",None
40,113644,Calanus glacialis,6835,Calanidae,6833,Calanoida,HACJ,PRJNA274584,25863290,None,None,None
41,27406,Cherax quadricarinatus,37850,Parastacidae,6683,Decapoda,HACK,PRJEB5112,None,"HACK01017046.1_4,HACK01017043.1_4,HACK01017047.1_4,HACK01017044.1_4","HACK01039563.1_4,HACK01039564.1_4",None
42,732109,Gammarus chevreuxi,36939,Gammaridae,6821,Amphipoda,HADC,PRJEB11518,None,None,None,None
43,1281925,Bragasellus molinai,63227,Asellidae,29979,Isopoda,HAEM,PRJEB14193,None,"HAEM01047823.1_1,HAEM01047824.1_3",None,None
44,1282048,Bragasellus peltatus,63227,Asellidae,29979,Isopoda,HAEN,PRJEB14193,None,"HAEN01014775.1_2,HAEN01014776.1_2,HAEN01041445.1_1,HAEN01048942.1_6",None,None
45,1281939,Proasellus aragonensis,63227,Asellidae,29979,Isopoda,HAEO,PRJEB14193,None,"HAEO01045127.1_3,HAEO01045128.1_3,HAEO01056611.1_6,HAEO01067557.1_6,HAEO01046181.1_1,HAEO01046184.1_1,HAEO01046186.1_1",None,None
46,1282049,Proasellus assaforensis,63227,Asellidae,29979,Isopoda,HAEP,PRJEB14193,None,"HAEP01074156.1_6,HAEP01066023.1_4","HAEP01030645.1_6,HAEP01044379.1_5,HAEP01044377.1_6,HAEP01044374.1_6",None
47,1281940,Proasellus arthrodilus,63227,Asellidae,29979,Isopoda,HAEQ,PRJEB14193,None,"HAEQ01047775.1_2,HAEQ01020403.1_3,HAEQ01047774.1_2,HAEQ01047776.1_2,HAEQ01047773.1_2","HAEQ01054989.1_3,HAEQ01054987.1_3,HAEQ01054986.1_3,HAEQ01060339.1_5,HAEQ01060337.1_5",None
48,1281948,Proasellus cantabricus,63227,Asellidae,29979,Isopoda,HAER,PRJEB14193,None,"HAER01065136.1_2,HAER01043568.1_1",None,None
49,1281949,Proasellus cavaticus,63227,Asellidae,29979,Isopoda,HAES,PRJEB14193,None,"HAES01061351.1_5,HAES01061356.1_5,HAES01061355.1_5,HAES01061348.1_5,HAES01061353.1_5,HAES01061357.1_5,HAES01061349.1_6,HAES01061352.1_6,HAES01052338.1_1,HAES01097180.1_5,HAES01043504.1_5",None,None
50,63229,Proasellus coxalis,63227,Asellidae,29979,Isopoda,HAET,PRJEB14193,None,"HAET01013687.1_5,HAET01006177.1_1,HAET01032615.1_4",None,None
51,1281953,Proasellus coiffaiti,63227,Asellidae,29979,Isopoda,HAEU,PRJEB14193,None,"HAEU01030378.1_5,HAEU01030379.1_4,HAEU01041691.1_4,HAEU01041693.1_4,HAEU01041692.1_6,HAEU01041694.1_4,HAEU01041698.1_4,HAEU01041695.1_6,HAEU01041696.1_6,HAEU01041697.1_6",HAEU01062117.1_4,None
52,1281963,Proasellus escolai,63227,Asellidae,29979,Isopoda,HAEV,PRJEB14193,None,"HAEV01130177.1_2,HAEV01074268.1_1,HAEV01074255.1_1",None,None
53,1281961,Proasellus ebrensis,63227,Asellidae,29979,Isopoda,HAEW,PRJEB14193,None,"HAEW01077083.1_2,HAEW01045025.1_4",None,None
54,1281973,Proasellus grafi,63227,Asellidae,29979,Isopoda,HAEX,PRJEB14193,None,"HAEX01019109.1_3,HAEX01027529.1_1",HAEX01038769.1_2,None
55,1281974,Proasellus granadensis,63227,Asellidae,29979,Isopoda,HAEY,PRJEB14193,None,"HAEY01003464.1_5,HAEY01056028.1_4",HAEY01029815.1_6,None
56,1281977,Proasellus hercegovinensis,63227,Asellidae,29979,Isopoda,HAEZ,PRJEB14193,None,"HAEZ01064568.1_5,HAEZ01037323.1_5,HAEZ01037324.1_5,HAEZ01037322.1_6,HAEZ01037325.1_6,HAEZ01037321.1_5,HAEZ01028227.1_6","HAEZ01097655.1_2,HAEZ01097639.1_2,HAEZ01093763.1_1,HAEZ01052368.1_2,HAEZ01052366.1_2,HAEZ01093764.1_2,HAEZ01080929.1_1",None
57,1281981,Proasellus ibericus,63227,Asellidae,29979,Isopoda,HAFA,PRJEB14193,None,HAFA01031678.1_2,None,None
58,1281986,Proasellus jaloniacus,63227,Asellidae,29979,Isopoda,HAFB,PRJEB14193,None,"HAFB01023077.1_5,HAFB01023076.1_4,HAFB01017660.1_3,HAFB01030497.1_1,HAFB01030493.1_1",None,None
59,1281987,Proasellus karamani,63227,Asellidae,29979,Isopoda,HAFC,PRJEB14193,None,"HAFC01018425.1_5,HAFC01003822.1_5,HAFC01141751.1_1","HAFC01071967.1_2,HAFC01099834.1_2",None
60,1281998,Proasellus margalefi,63227,Asellidae,29979,Isopoda,HAFD,PRJEB14193,None,"HAFD01054544.1_1,HAFD01054550.1_1",None,None
61,1282001,Proasellus meridianus,63227,Asellidae,29979,Isopoda,HAFE,PRJEB14193,None,"HAFE01065584.1_1,HAFE01065585.1_1,HAFE01065587.1_1,HAFE01065586.1_1,HAFE01022928.1_6",None,None
62,1282012,Proasellus ortizi,63227,Asellidae,29979,Isopoda,HAFF,PRJEB14193,None,"HAFF01021251.1_3,HAFF01021251.1_1",HAFF01030697.1_3,None
63,1282015,Proasellus parvulus,63227,Asellidae,29979,Isopoda,HAFG,PRJEB14193,None,"HAFG01036189.1_6,HAFG01104496.1_1,HAFG01104485.1_5","HAFG01070794.1_2,HAFG01070795.1_2,HAFG01119032.1_5,HAFG01119036.1_4,HAFG01119018.1_6,HAFG01097127.1_2",None
64,1282023,Proasellus racovitzai,63227,Asellidae,29979,Isopoda,HAFH,PRJEB14193,None,"HAFH01055214.1_1,HAFH01007461.1_1",None,None
65,1282025,Proasellus rectus,63227,Asellidae,29979,Isopoda,HAFI,PRJEB14193,None,"HAFI01031004.1_4,HAFI01031003.1_5,HAFI01031002.1_5,HAFI01036852.1_6,HAFI01060514.1_5,HAFI01060506.1_5,HAFI01060510.1_5",HAFI01072083.1_1,None
66,1282031,Proasellus solanasi,63227,Asellidae,29979,Isopoda,HAFJ,PRJEB14193,None,"HAFJ01030503.1_2,HAFJ01095191.1_3,HAFJ01058656.1_4",HAFJ01080001.1_4,None
67,1282033,Proasellus spelaeus,63227,Asellidae,29979,Isopoda,HAFK,PRJEB14193,None,"HAFK01041400.1_2,HAFK01025005.1_3,HAFK01025007.1_3,HAFK01044661.1_1",HAFK01057523.1_2,None
68,1281946,Proasellus beticus,63227,Asellidae,29979,Isopoda,HAFL,PRJEB14193,None,"HAFL01112690.1_4,HAFL01114466.1_3,HAFL01112683.1_5,HAFL01112686.1_6,HAFL01112693.1_5,HAFL01112681.1_5,HAFL01112684.1_5,HAFL01112695.1_5,HAFL01112689.1_4,HAFL01112694.1_5,HAFL01114467.1_3,HAFL01114465.1_3,HAFL01195035.1_3,HAFL01188454.1_3",None,None
69,52641,Gammarus pulex,36939,Gammaridae,6821,Amphipoda,HAFM,PRJEB13055,27222807,None,None,None
70,27404,Daphnia galeata,77658,Daphniidae,84337,Diplostraca,HAFN,PRJEB14950,None,"HAFN01005158.1_3,HAFN01005157.1_1,HAFN01005156.1_1,HAFN01008683.1_5,HAFN01022170.1_6,HAFN01027166.1_1,HAFN01001958.1_3,HAFN01004395.1_5,HAFN01022393.1_6",None,None
71,293153,Caridina multidentata,96235,Atyidae,6683,Decapoda,IABX,PRJDB4543,None,IABX01135283.1_6,"IABX01110673.1_4,IABX01091640.1_2,IABX01016774.1_4",None
72,142080,Ligia exotica,96854,Ligiidae,29979,Isopoda,IABZ,PRJDB4544,None,IABZ01110144.1_5,"IABZ01110146.1_6,IABZ01102948.1_3",None
73,1049545,Neomysis awatschensis,79901,Mysidae,75399,Mysida,GDFV,PRJNA287057,None,None,GDFV01020647.1_1,None
74,1133412,Tigriopus kingsejongensis,512265,Harpacticidae,41212,Harpacticoida,GDFW,PRJNA283925,None,"GDFW01031643.1_1,GDFW01001547.1_1,GDFW01011880.1_1",None,None
75,35525,Daphnia magna,77658,Daphniidae,84337,Diplostraca,GDIP,PRJNA284518,None,"GDIP01097932.1_1,GDIP01019410.1_2,GDIP01054541.1_3,GDIP01082676.1_1,GDIP01016723.1_2,GDIP01083095.1_1,GDIP01083096.1_1,GDIP01083591.1_3,GDIP01085248.1_3,GDIP01089840.1_2,GDIP01063837.1_2,GDIP01040046.1_3,GDIP01081735.1_2,GDIP01081734.1_2,GDIP01044197.1_2,GDIP01015316.1_2,GDIP01079331.1_2,GDIP01097886.1_1,GDIP01101841.1_2,GDIP01070138.1_3,GDIP01081733.1_2,GDIP01075053.1_1",None,None
76,35525,Daphnia magna,77658,Daphniidae,84337,Diplostraca,GDIQ,PRJNA284518,None,"GDIQ01092475.1_3,GDIQ01049406.1_2,GDIQ01036952.1_2,GDIQ01081878.1_3,GDIQ01019121.1_2,GDIQ01089973.1_3,GDIQ01061342.1_2,GDIQ01089974.1_3,GDIQ01089975.1_3,GDIQ01092477.1_1,GDIQ01039002.1_3,GDIQ01041904.1_3,GDIQ01092476.1_1,GDIQ01088125.1_1,GDIQ01053947.1_3,GDIQ01041903.1_1,GDIQ01031162.1_3,GDIQ01066299.1_1,GDIQ01041902.1_1,GDIQ01061701.1_3,GDIQ01064898.1_3,GDIQ01034718.1_1,GDIQ01081941.1_2,GDIQ01021132.1_1,GDIQ01047856.1_2,GDIQ01046211.1_2,GDIQ01038555.1_1,GDIQ01096574.1_2,GDIQ01096572.1_2,GDIQ01096573.1_2,GDIQ01088673.1_3,GDIQ01063344.1_3,GDIQ01098185.1_2,GDIQ01063343.1_3,GDIQ01052363.1_1,GDIQ01064850.1_3,GDIQ01083526.1_2,GDIQ01094781.1_1,GDIQ01064849.1_3,GDIQ01083525.1_2,GDIQ01066199.1_3,GDIQ01038556.1_1,GDIQ01041511.1_2,GDIQ01082185.1_1,GDIQ01090129.1_1,GDIQ01092576.1_2,GDIQ01045956.1_3,GDIQ01088625.1_3,GDIQ01045955.1_3,GDIQ01031467.1_2,GDIQ01043908.1_3,GDIQ01038557.1_1,GDIQ01047816.1_3,GDIQ01043907.1_3,GDIQ01086834.1_2,GDIQ01038558.1_1,GDIQ01073744.1_1,GDIQ01080631.1_1,GDIQ01059591.1_1,GDIQ01076486.1_2,GDIQ01043909.1_3,GDIQ01064851.1_3,GDIQ01011799.1_1,GDIQ01098184.1_2,GDIQ01090130.1_1,GDIQ01092577.1_2,GDIQ01050857.1_1,GDIQ01061650.1_2,GDIQ01061651.1_2,GDIQ01076487.1_2,GDIQ01059592.1_1,GDIQ01073745.1_1,GDIQ01039001.1_3,GDIQ01039000.1_3,GDIQ01056991.1_1,GDIQ01056992.1_1",None,None
77,92525,Asellus aquaticus,63227,Asellidae,29979,Isopoda,GDKY,PRJNA270761,25407802,None,"GDKY01010854.1_1,GDKY01004969.1_2,GDKY01003048.1_3,GDKY01001888.1_5,GDKY01002146.1_6",None
78,85551,Scylla olivacea,6757,Portunidae,6683,Decapoda,GDRN,PRJNA289610,None,"GDRN01099291.1_2,GDRN01079895.1_1,GDRN01079896.1_1,GDRN01079894.1_1,GDRN01109296.1_2,GDRN01109293.1_3","GDRN01101772.1_4,GDRN01077352.1_4,GDRN01080890.1_4,GDRN01107068.1_1,GDRN01098558.1_4",None
79,6689,Litopenaeus vannamei,6685,Penaeidae,6683,Decapoda,GDTK,PRJNA294021,None,"GDTK01014645.1_3,GDTK01001814.1_4,GDTK01001815.1_3,GDTK01002165.1_1,GDTK01002164.1_1",None,None
80,191375,Talitrus saltator,92169,Talitridae,6821,Amphipoda,GDUJ,PRJNA297565,None,GDUJ01031009.1_4,None,None
81,6689,Litopenaeus vannamei,6685,Penaeidae,6683,Decapoda,GDUV,PRJNA293148,None,"GDUV01014611.1_4,GDUV01004053.1_3,GDUV01004052.1_2,GDUV01004051.1_2,GDUV01004050.1_2,GDUV01004337.1_1",GDUV01026282.1_2,None
82,88015,Eurytemora affinis,88013,Temoridae,6833,Calanoida,GEAN,PRJNA278152,None,"GEAN01010200.1_1,GEAN01010205.1_3,GEAN01010204.1_2,GEAN01010207.1_1,GEAN01010201.1_3,GEAN01010202.1_1,GEAN01010198.1_3,GEAN01010199.1_3,GEAN01010208.1_2,GEAN01038971.1_1,GEAN01038972.1_3,GEAN01022518.1_4,GEAN01038975.1_3,GEAN01074234.1_3",None,None
83,6706,Homarus americanus,6704,Nephropidae,6683,Decapoda,GEBG,PRJNA300643,26716450,"GEBG01022354.1_3,GEBG01044812.1_1",None,None
84,6715,Astacus astacus,6713,Astacidae,6683,Decapoda,GEDF,PRJNA302843,None,"GEDF01027217.1_5,GEDF01030555.1_1,GEDF01027215.1_6",None,None
85,6687,Penaeus monodon,6685,Penaeidae,6683,Decapoda,GEEP,PRJNA267515,None,"GEEP01011387.1_4,GEEP01017032.1_1,GEEP01055364.1_3,GEEP01076115.1_5",None,None
86,39395,Cancer borealis,6753,Cancridae,6683,Decapoda,GEFB,PRJNA310325,None,"GEFB01000907.1_4,GEFB01006647.1_3,GEFB01003964.1_6","GEFB01034881.1_5,GEFB01025816.1_5,GEFB01038621.1_6,GEFB01030473.1_1,GEFB01002789.1_5",None
87,910319,Palaemon argentinus,6695,Palaemonidae,6683,Decapoda,GEFN,PRJNA309860,None,None,None,None
88,95602,Eriocheir sinensis,72876,Varunidae,6683,Decapoda,GEFT,PRJNA310144,None,"GEFT01002613.1_2,GEFT01002614.1_2",None,None
89,294128,Hyalella azteca,199477,Hyalellidae,6821,Amphipoda,GEHV,PRJNA312414,None,"GEHV01129593.1_5,GEHV01089916.1_6","GEHV01103567.1_5,GEHV01103564.1_5,GEHV01103565.1_5,GEHV01103568.1_5,GEHV01103566.1_5,GEHV01039370.1_2,GEHV01127434.1_6,GEHV01056324.1_6,GEHV01127437.1_6,GEHV01127435.1_6,GEHV01127436.1_6",None
90,1048741,Triops newberryi,63729,Triopsidae,58774,Notostraca,GEHY,PRJNA315010,None,"GEHY01009394.1_1,GEHY01003317.1_3,GEHY01011666.1_4",None,None
91,6763,Callinectes sapidus,6757,Portunidae,6683,Decapoda,GEID,PRJNA315576,None,"GEID01094994.1_5,GEID01095001.1_5,GEID01094997.1_5,GEID01094996.1_5,GEID01150420.1_5,GEID01150423.1_6,GEID01150421.1_6,GEID01150422.1_6,GEID01150424.1_6","GEID01097565.1_2,GEID01161745.1_1,GEID01172579.1_3",None
92,6687,Penaeus monodon,6685,Penaeidae,6683,Decapoda,GEME,PRJNA267515,None,"GEME01013315.1_1,GEME01017766.1_4,GEME01072789.1_3,GEME01087452.1_5",None,None
93,1842084,Oxyacanthus curtus,315608,Acanthogammaridae,6821,Amphipoda,GEPA,PRJNA321360,None,None,None,None
94,75813,Oxyacanthus flavus,315608,Acanthogammaridae,6821,Amphipoda,GEPB,PRJNA321360,None,None,"GEPB01055012.1_2,GEPB01055014.1_2",None
95,1097446,Oxyacanthus sowinskii,315608,Acanthogammaridae,6821,Amphipoda,GEPC,PRJNA321360,None,None,"GEPC01035052.1_4,GEPC01035050.1_6",None
96,686699,Brachyuropus grewingkii,315608,Acanthogammaridae,6821,Amphipoda,GEPD,PRJNA321360,None,GEPD01018819.1_5,"GEPD01036792.1_3,GEPD01036801.1_3,GEPD01036794.1_3,GEPD01036799.1_1,GEPD01036798.1_3",None
97,86500,Acanthogammarus godlewskii,315608,Acanthogammaridae,6821,Amphipoda,GEPE,PRJNA321360,None,None,GEPE01031691.1_3,None
98,686700,Cornugammarus maximus,315608,Acanthogammaridae,6821,Amphipoda,GEPF,PRJNA321360,None,GEPF01030113.1_1,GEPF01029314.1_5,None
99,52942,Boeckaxelia carpenterii,315608,Acanthogammaridae,6821,Amphipoda,GEPG,PRJNA321360,None,None,GEPG01052191.1_2,None
100,75816,Boeckaxelia potanini,315608,Acanthogammaridae,6821,Amphipoda,GEPH,PRJNA321360,None,None,"GEPH01031494.1_1,GEPH01031491.1_1",None
101,65453,Baikalogammarus pullus,315681,Baikalogammaridae,6821,Amphipoda,GEPI,PRJNA321360,None,None,None,None
102,65444,Brandtia latissima,315608,Acanthogammaridae,6821,Amphipoda,GEPJ,PRJNA321360,None,"GEPJ01030024.1_6,GEPJ01030023.1_6","GEPJ01036214.1_1,GEPJ01036216.1_1,GEPJ01036215.1_1,GEPJ01036213.1_1",None
103,1842064,Asprogammarus rhodophthalmus,315608,Acanthogammaridae,6821,Amphipoda,GEPK,PRJNA321360,None,GEPK01071165.1_3,"GEPK01058829.1_6,GEPK01058831.1_6",None
104,1842057,Carinurus bicarinatus,315608,Acanthogammaridae,6821,Amphipoda,GEPL,PRJNA321360,None,GEPL01037318.1_6,"GEPL01047174.1_4,GEPL01047181.1_4",None
105,1842058,Crypturopus inflatus,315599,Micruropodidae,6821,Amphipoda,GEPM,PRJNA321360,None,None,GEPM01028660.1_1,None
106,1842059,Echiuropus macronychus,315608,Acanthogammaridae,6821,Amphipoda,GEPN,PRJNA321360,None,None,"GEPN01024988.1_3,GEPN01024987.1_1",None
107,1842060,Eucarinogammarus wagii,315608,Acanthogammaridae,6821,Amphipoda,GEPO,PRJNA321360,None,None,None,None
108,1842065,Sluginella kietlinskii,315662,Eulimnogammaridae,6821,Amphipoda,GEPP,PRJNA321360,None,None,GEPP01027648.1_2,None
109,1842066,Eulimnogammarus similis,315662,Eulimnogammaridae,6821,Amphipoda,GEPQ,PRJNA321360,None,GEPQ01061701.1_4,"GEPQ01048281.1_6,GEPQ01048279.1_6",None
110,1842068,Heterogammarus sophianosii,315662,Eulimnogammaridae,6821,Amphipoda,GEPR,PRJNA321360,None,GEPR01053088.1_4,None,None
111,52945,Eulimnogammarus cyaneus,315662,Eulimnogammaridae,6821,Amphipoda,GEPS,PRJNA321360,None,"GEPS01066404.1_6,GEPS01026832.1_2",None,None
112,1156151,Eulimnogammarus marituji,315662,Eulimnogammaridae,6821,Amphipoda,GEPT,PRJNA321360,None,GEPT01043457.1_5,"GEPT01083072.1_6,GEPT01083073.1_6",None
113,315587,Eulimnogammarus viridulus,315662,Eulimnogammaridae,6821,Amphipoda,GEPU,PRJNA321360,None,GEPU01038016.1_6,None,None
114,58370,Eulimnogammarus vittatus,315662,Eulimnogammaridae,6821,Amphipoda,GEPV,PRJNA321360,None,GEPV01052633.1_4,GEPV01033081.1_3,None
115,75818,Eulimnogammarus cruentus,315662,Eulimnogammaridae,6821,Amphipoda,GEPW,PRJNA321360,None,"GEPW01015098.1_2,GEPW01015099.1_1,GEPW01019602.1_1,GEPW01050136.1_2","GEPW01043646.1_4,GEPW01043647.1_5,GEPW01043643.1_4",None
116,75818,Eulimnogammarus cruentus,315662,Eulimnogammaridae,6821,Amphipoda,GEPX,PRJNA321360,None,"GEPX01060495.1_6,GEPX01033171.1_3,GEPX01033170.1_2,GEPX01033173.1_1","GEPX01058680.1_6,GEPX01058677.1_5,GEPX01058679.1_5",None
117,1842061,Eulimnogammarus czerskii,315662,Eulimnogammaridae,6821,Amphipoda,GEPY,PRJNA321360,None,None,GEPY01040722.1_3,None
118,1842062,Eulimnogammarus messerschmidtii,315662,Eulimnogammaridae,6821,Amphipoda,GEPZ,PRJNA321360,None,None,None,None
119,1842044,Eulimnogammarus sp,315662,Eulimnogammaridae,6821,Amphipoda,GEQA,PRJNA321360,None,GEQA01035609.1_1,GEQA01056594.1_1,None
120,1842045,Eulimnogammarus sp,315662,Eulimnogammaridae,6821,Amphipoda,GEQB,PRJNA321360,None,None,None,None
121,36941,Eulimnogammarus verrucosus,315662,Eulimnogammaridae,6821,Amphipoda,GEQC,PRJNA321360,None,"GEQC01099959.1_1,GEQC01076374.1_6",GEQC01042955.1_3,None
122,1842069,Garjajewia dershawini,315608,Acanthogammaridae,6821,Amphipoda,GEQD,PRJNA321360,None,None,"GEQD01034434.1_1,GEQD01034431.1_1",None
123,686704,Gmelinoides fasciatus,315599,Micruropodidae,6821,Amphipoda,GEQE,PRJNA321360,None,None,None,None
124,1842070,Hyalellopsis carinata,315608,Acanthogammaridae,6821,Amphipoda,GEQF,PRJNA321360,None,GEQF01040112.1_2,GEQF01039275.1_4,None
125,1842071,Hyalellopsis costata,315608,Acanthogammaridae,6821,Amphipoda,GEQG,PRJNA321360,None,"GEQG01072492.1_2,GEQG01089542.1_6,GEQG01096318.1_5,GEQG01045041.1_5",None,None
126,1842072,Hyalellopsis grisea,315608,Acanthogammaridae,6821,Amphipoda,GEQH,PRJNA321360,None,None,"GEQH01058469.1_3,GEQH01058470.1_3",None
127,1842073,Hyalellopsis setosa,315608,Acanthogammaridae,6821,Amphipoda,GEQI,PRJNA321360,None,GEQI01070157.1_6,GEQI01066331.1_6,None
128,1842074,Hyalellopsis stebbingi,315608,Acanthogammaridae,6821,Amphipoda,GEQJ,PRJNA321360,None,GEQJ01062659.1_4,GEQJ01055855.1_6,None
129,65455,Macrohectopus branickii,315682,Macrohectopidae,6821,Amphipoda,GEQK,PRJNA321360,None,None,"GEQK01029931.1_1,GEQK01031439.1_3",None
130,1842075,Macropereiopus wagneri,315662,Eulimnogammaridae,6821,Amphipoda,GEQL,PRJNA321360,None,GEQL01004066.1_6,None,None
131,1842076,Macropereiopus parvus,315662,Eulimnogammaridae,6821,Amphipoda,GEQM,PRJNA321360,None,"GEQM01036109.1_1,GEQM01036110.1_1,GEQM01066991.1_6",None,None
132,315602,Micruropus glaber,315599,Micruropodidae,6821,Amphipoda,GEQN,PRJNA321360,None,GEQN01046240.1_6,None,None
133,1842063,Micruropus parvulus,315599,Micruropodidae,6821,Amphipoda,GEQO,PRJNA321360,None,"GEQO01046598.1_2,GEQO01046599.1_1,GEQO01037653.1_3",None,None
134,686708,Micruropus wahlii,315599,Micruropodidae,6821,Amphipoda,GEQP,PRJNA321360,None,"GEQP01054577.1_6,GEQP01069366.1_6,GEQP01069368.1_6,GEQP01096262.1_3,GEQP01038876.1_2,GEQP01038961.1_2,GEQP01115211.1_3",GEQP01090314.1_3,None
135,65461,Odontogammarus calcaratus,315662,Eulimnogammaridae,6821,Amphipoda,GEQQ,PRJNA321360,None,None,"GEQQ01051183.1_3,GEQQ01051182.1_3,GEQQ01051188.1_3,GEQQ01051187.1_3,GEQQ01051184.1_3,GEQQ01016789.1_4",None
136,315607,Ommatogammarus albinus,315662,Eulimnogammaridae,6821,Amphipoda,GEQR,PRJNA321360,None,GEQR01064033.1_4,GEQR01071407.1_5,None
137,75829,Ommatogammarus flavus,315662,Eulimnogammaridae,6821,Amphipoda,GEQS,PRJNA321360,None,GEQS01025764.1_5,None,None
138,1842083,Pachyschesis branchialis,315696,Pachyschesidae,6821,Amphipoda,GEQT,PRJNA321360,None,GEQT01007459.1_1,None,None
139,1842083,Pachyschesis branchialis,315696,Pachyschesidae,6821,Amphipoda,GEQU,PRJNA321360,None,None,None,None
140,1842078,Pentagonurus dawydowi,315689,Pallaseidae,6821,Amphipoda,GEQV,PRJNA321360,None,GEQV01061067.1_4,"GEQV01062087.1_2,GEQV01062085.1_2",None
141,86506,Palicarinus puzyllii,315608,Acanthogammaridae,6821,Amphipoda,GEQW,PRJNA321360,None,GEQW01043744.1_6,GEQW01033891.1_6,None
142,315710,Pallasea cancelloides,315689,Pallaseidae,6821,Amphipoda,GEQX,PRJNA321360,None,None,None,None
143,686709,Pallaseopsis kessleri,315689,Pallaseidae,6821,Amphipoda,GEQY,PRJNA321360,None,GEQY01004958.1_4,None,None
144,1842046,Pallasea sp,315689,Pallaseidae,6821,Amphipoda,GEQZ,PRJNA321360,None,GEQZ01051789.1_5,"GEQZ01049865.1_1,GEQZ01049860.1_1",None
145,1842081,Pandorites podoceroides,315623,Pontogammaridae,6821,Amphipoda,GERA,PRJNA321360,None,None,None,None
146,1842079,Parapallasea wosnessenskii,315608,Acanthogammaridae,6821,Amphipoda,GERB,PRJNA321360,None,GERB01012121.1_1,GERB01056715.1_6,None
147,315702,Eulimnogammarus testaceus,315662,Eulimnogammaridae,6821,Amphipoda,GERC,PRJNA321360,None,GERC01072460.1_6,None,None
148,52639,Gammarus lacustris,36939,Gammaridae,6821,Amphipoda,GERD,PRJNA321360,None,None,None,None
149,1842077,Homalogammarus brandtii,315689,Pallaseidae,6821,Amphipoda,GERE,PRJNA321360,None,None,None,None
150,315710,Pallasea cancelloides,315689,Pallaseidae,6821,Amphipoda,GERF,PRJNA321360,None,None,None,None
151,686705,Linevichella vortex,315599,Micruropodidae,6821,Amphipoda,GERH,PRJNA321360,None,GERH01070947.1_5,None,None
152,52949,Pallasea cancellus,315689,Pallaseidae,6821,Amphipoda,GERI,PRJNA321360,None,GERI01016120.1_2,"GERI01056221.1_1,GERI01056219.1_1,GERI01056218.1_1",None
153,52950,Pallasea grubei,315689,Pallaseidae,6821,Amphipoda,GERJ,PRJNA321360,None,GERJ01023119.1_4,"GERJ01038909.1_3,GERJ01038908.1_3,GERJ01038913.1_3",None
154,315711,Parapallasea borowskii,315608,Acanthogammaridae,6821,Amphipoda,GERK,PRJNA321360,None,GERK01036969.1_2,GERK01038436.1_2,None
155,315614,Poekilogammarus pictoides,315608,Acanthogammaridae,6821,Amphipoda,GERL,PRJNA321360,None,GERL01075257.1_2,GERL01055476.1_6,None
156,6832,Tigriopus californicus,512265,Harpacticidae,41212,Harpacticoida,GBSZ,PRJNA263967,None,"GBSZ01004659.1_1,GBSZ01004153.1_1",None,None
157,6832,Tigriopus californicus,512265,Harpacticidae,41212,Harpacticoida,GBTC,PRJNA263967,None,"GBTC01004612.1_1,GBTC01004107.1_1",None,None
158,95602,Eriocheir sinensis,72876,Varunidae,6683,Decapoda,GBUF,PRJNA264349,25460100,GBUF01004847.1_3,None,None
159,6759,Carcinus maenas,1343471,Carcinidae,6683,Decapoda,GBXE,PRJNA255867,26076827,"GBXE01082791.1_4,GBXE01099155.1_5,GBXE01099165.1_5,GBXE01099159.1_5,GBXE01099161.1_5,GBXE01099158.1_6,GBXE01099160.1_6,GBXE01099173.1_6,GBXE01099172.1_4,GBXE01099170.1_6,GBXE01099174.1_4,GBXE01113873.1_2,GBXE01082792.1_5,GBXE01141752.1_2","GBXE01179240.1_3,GBXE01077140.1_5",None
160,113644,Calanus glacialis,6835,Calanidae,6833,Calanoida,GBXT,PRJNA237014,None,"GBXT01025485.1_4,GBXT01025479.1_4,GBXT01025487.1_4,GBXT01025486.1_4,GBXT01012641.1_5,GBXT01034247.1_6",None,None
161,6837,Calanus finmarchicus,6835,Calanidae,6833,Calanoida,GBXU,PRJNA236983,None,"GBXU01026888.1_5,GBXU01001334.1_6",None,None
162,6720,Pacifastacus leniusculus,6713,Astacidae,6683,Decapoda,GBYW,PRJNA259594,None,GBYW01047560.1_4,None,None
163,95602,Eriocheir sinensis,72876,Varunidae,6683,Decapoda,GBZW,PRJNA259036,26095804,"GBZW01012373.1_2,GBZW01021033.1_1",None,None
164,158387,Tigriopus japonicus,512265,Harpacticidae,41212,Harpacticoida,GCHA,PRJNA274317,26024611,"GCHA01014088.1_1,GCHA01014435.1_1,GCHA01039462.1_1,GCHA01039788.1_1,GCHA01030046.1_1,GCHA01030047.1_1",None,None
165,565004,Paracyclopina nana,564998,Cyclopettidae,84308,Cyclopoida,GCJT,PRJNA268783,26001055,"GCJT01000667.1_1,GCJT01015733.1_1,GCJT01019588.1_4",None,None
166,159736,Macrobrachium nipponense,6695,Palaemonidae,6683,Decapoda,GCVG,PRJNA278700,None,GCVG01019575.1_5,None,None
167,6689,Litopenaeus vannamei,6685,Penaeidae,6683,Decapoda,GCVY,PRJNA77889,DOI: 10.1111/j.1365-2109.2011.02956.x,None,None,None
